
> homecook@0.1.0 test:e2e:regression /Users/cwj/.codex/worktrees/f2a2/homecook
> playwright test tests/e2e/slice-*.spec.ts --grep-invert '@live-oauth|@evidence-capture'

[WebServer] (node:5913) Warning: The 'NO_COLOR' env is ignored due to the 'FORCE_COLOR' env being set.
[WebServer] (Use `node --trace-warnings ...` to show where the warning was created)

[WebServer] (node:5917) Warning: The 'NO_COLOR' env is ignored due to the 'FORCE_COLOR' env being set.
[WebServer] (Use `node --trace-warnings ...` to show where the warning was created)

[WebServer] (node:5927) Warning: The 'NO_COLOR' env is ignored due to the 'FORCE_COLOR' env being set.
[WebServer] (Use `node --trace-warnings ...` to show where the warning was created)

[WebServer] (node:5958) Warning: The 'NO_COLOR' env is ignored due to the 'FORCE_COLOR' env being set.
[WebServer] (Use `node --trace-warnings ...` to show where the warning was created)


Running 1215 tests using 5 workers

(node:6156) Warning: The 'NO_COLOR' env is ignored due to the 'FORCE_COLOR' env being set.
(Use `node --trace-warnings ...` to show where the warning was created)


(node:6155) Warning: The 'NO_COLOR' env is ignored due to the 'FORCE_COLOR' env being set.
(Use `node --trace-warnings ...` to show where the warning was created)


(node:6153) Warning: The 'NO_COLOR' env is ignored due to the 'FORCE_COLOR' env being set.
(Use `node --trace-warnings ...` to show where the warning was created)


(node:6154) Warning: The 'NO_COLOR' env is ignored due to the 'FORCE_COLOR' env being set.
(Use `node --trace-warnings ...` to show where the warning was created)


(node:6157) Warning: The 'NO_COLOR' env is ignored due to the 'FORCE_COLOR' env being set.
(Use `node --trace-warnings ...` to show where the warning was created)


(node:6153) Warning: The 'NO_COLOR' env is ignored due to the 'FORCE_COLOR' env being set.
(Use `node --trace-warnings ...` to show where the warning was created)


(node:6156) Warning: The 'NO_COLOR' env is ignored due to the 'FORCE_COLOR' env being set.
(Use `node --trace-warnings ...` to show where the warning was created)


(node:6155) Warning: The 'NO_COLOR' env is ignored due to the 'FORCE_COLOR' env being set.
(Use `node --trace-warnings ...` to show where the warning was created)


(node:6154) Warning: The 'NO_COLOR' env is ignored due to the 'FORCE_COLOR' env being set.
(Use `node --trace-warnings ...` to show where the warning was created)


[1/1215] [desktop-chrome] › tests/e2e/slice-02-discovery-filter.spec.ts:132:7 › Slice 02 discovery filter flow › applies ingredient filters, preserves selection on reopen, and resets on hard refresh
[2/1215] [desktop-chrome] › tests/e2e/slice-03-recipe-like.spec.ts:136:7 › Slice 03 recipe like flow › logged-in user can like a recipe and sees pending while the request is in flight
[3/1215] [desktop-chrome] › tests/e2e/slice-04-recipe-save.spec.ts:244:7 › Slice 04 recipe save flow › logged-in user can save from a HOME recipe card
(node:6157) Warning: The 'NO_COLOR' env is ignored due to the 'FORCE_COLOR' env being set.
(Use `node --trace-warnings ...` to show where the warning was created)


[4/1215] [desktop-chrome] › tests/e2e/slice-06-recipe-to-planner.spec.ts:170:7 › Slice 06 recipe-to-planner › authenticated user can add recipe to planner and see it in PLANNER_WEEK @smoke-core
[5/1215] [desktop-chrome] › tests/e2e/slice-01-basic.spec.ts:21:7 › Slice 01 basic flow › HOME shows list, supports search, and updates sort state @smoke-core
[6/1215] [desktop-chrome] › tests/e2e/slice-01-basic.spec.ts:87:7 › Slice 01 basic flow › Recipe detail route shows key sections @smoke-core
[7/1215] [desktop-chrome] › tests/e2e/slice-04-recipe-save.spec.ts:310:7 › Slice 04 recipe save flow › logged-in user can save to an existing recipe book
[8/1215] [desktop-chrome] › tests/e2e/slice-02-discovery-filter.spec.ts:166:7 › Slice 02 discovery filter flow › shows the empty state for unmatched ingredients and clears the filter on demand
[WebServer] (node:6301) Warning: The 'NO_COLOR' env is ignored due to the 'FORCE_COLOR' env being set.
[WebServer] (Use `node --trace-warnings ...` to show where the warning was created)

[9/1215] [desktop-chrome] › tests/e2e/slice-02-discovery-filter.spec.ts:201:7 › Slice 02 discovery filter flow › keeps apply disabled when ingredient search has no results and no selection
[10/1215] [desktop-chrome] › tests/e2e/slice-01-basic.spec.ts:163:7 › Slice 01 basic flow › Not found page accepts inline feedback without blocking recovery links @smoke-core
[11/1215] [desktop-chrome] › tests/e2e/slice-04-recipe-save.spec.ts:340:7 › Slice 04 recipe save flow › logged-in user can quick-create a custom book and save
[12/1215] [desktop-chrome] › tests/e2e/slice-03-recipe-like.spec.ts:159:7 › Slice 03 recipe like flow › logged-in user can unlike a recipe and sees the count decrease
[13/1215] [desktop-chrome] › tests/e2e/slice-02-discovery-filter.spec.ts:217:7 › Slice 02 discovery filter flow › keeps footer actions readable on small mobile viewports
[WebServer] (node:6501) Warning: The 'NO_COLOR' env is ignored due to the 'FORCE_COLOR' env being set.
[WebServer] (Use `node --trace-warnings ...` to show where the warning was created)

[14/1215] [desktop-chrome] › tests/e2e/slice-01-basic.spec.ts:211:7 › Slice 01 basic flow › small iOS viewport keeps detail actions above the fold with touch-friendly targets
[15/1215] [desktop-chrome] › tests/e2e/slice-01-basic.spec.ts:235:7 › Slice 01 basic flow › Protected action opens login gate and modal can close with button, ESC, and backdrop @smoke-core
[16/1215] [desktop-chrome] › tests/e2e/slice-04-recipe-save.spec.ts:372:7 › Slice 04 recipe save flow › guest user sees login gate and save modal reopens after return-to-action
[17/1215] [desktop-chrome] › tests/e2e/slice-03-recipe-like.spec.ts:177:7 › Slice 03 recipe like flow › guest user can return to recipe detail after login and the like action replays once
[18/1215] [desktop-chrome] › tests/e2e/slice-07-meal-manage.spec.ts:143:7 › Slice 07 meal manage — MEAL_SCREEN › guest sees login gate with return-to-action path
[WebServer] (node:6542) Warning: The 'NO_COLOR' env is ignored due to the 'FORCE_COLOR' env being set.
[WebServer] (Use `node --trace-warnings ...` to show where the warning was created)

[19/1215] [desktop-chrome] › tests/e2e/slice-06-recipe-to-planner.spec.ts:241:7 › Slice 06 recipe-to-planner › guest tapping 플래너에 추가 opens the login gate
[20/1215] [desktop-chrome] › tests/e2e/slice-01-basic.spec.ts:261:7 › Slice 01 basic flow › Recipe detail shows callback failure feedback
[WebServer] (node:6622) Warning: The 'NO_COLOR' env is ignored due to the 'FORCE_COLOR' env being set.
[WebServer] (Use `node --trace-warnings ...` to show where the warning was created)

[21/1215] [desktop-chrome] › tests/e2e/slice-06-recipe-to-planner.spec.ts:258:7 › Slice 06 recipe-to-planner › sheet shows loading skeleton while planner columns are fetching
[22/1215] [desktop-chrome] › tests/e2e/slice-04-recipe-save.spec.ts:421:7 › Slice 04 recipe save flow › small iOS viewport keeps title and save CTA above the fold
[WebServer] (node:6686) Warning: The 'NO_COLOR' env is ignored due to the 'FORCE_COLOR' env being set.
[WebServer] (Use `node --trace-warnings ...` to show where the warning was created)

[WebServer] (node:6689) Warning: The 'NO_COLOR' env is ignored due to the 'FORCE_COLOR' env being set.
[WebServer] (Use `node --trace-warnings ...` to show where the warning was created)

[23/1215] [desktop-chrome] › tests/e2e/slice-08a-meal-add-search.spec.ts:177:7 › Slice 08a meal add search — MENU_ADD + RECIPE_SEARCH_PICKER › redirects to /login when unauthorized
[24/1215] [desktop-chrome] › tests/e2e/slice-08a-meal-add-search.spec.ts:189:7 › Slice 08a meal add search — MENU_ADD + RECIPE_SEARCH_PICKER › displays search input and source buttons
[25/1215] [desktop-chrome] › tests/e2e/slice-08a-meal-add-search.spec.ts:209:7 › Slice 08a meal add search — MENU_ADD + RECIPE_SEARCH_PICKER › shows empty state when search returns no results
[26/1215] [desktop-chrome] › tests/e2e/slice-08a-meal-add-search.spec.ts:222:7 › Slice 08a meal add search — MENU_ADD + RECIPE_SEARCH_PICKER › displays search results and allows recipe selection
[27/1215] [desktop-chrome] › tests/e2e/slice-08a-meal-add-search.spec.ts:242:7 › Slice 08a meal add search — MENU_ADD + RECIPE_SEARCH_PICKER › opens servings modal on recipe select and allows cancel
[28/1215] [desktop-chrome] › tests/e2e/slice-08a-meal-add-search.spec.ts:269:7 › Slice 08a meal add search — MENU_ADD + RECIPE_SEARCH_PICKER › creates meal and navigates back to MEAL_SCREEN
[29/1215] [desktop-chrome] › tests/e2e/slice-03-recipe-like.spec.ts:228:7 › Slice 03 recipe like flow › request failure shows toast feedback and restores the previous like state
[30/1215] [desktop-chrome] › tests/e2e/slice-08a-meal-add-search.spec.ts:309:7 › Slice 08a meal add search — MENU_ADD + RECIPE_SEARCH_PICKER › preserves return URL after login
[31/1215] [desktop-chrome] › tests/e2e/slice-08b-meal-add-books-pantry.spec.ts:265:7 › Slice 08b meal add books pantry — RECIPEBOOK + PANTRY paths › redirects to /login when unauthorized
[32/1215] [desktop-chrome] › tests/e2e/slice-08b-meal-add-books-pantry.spec.ts:277:7 › Slice 08b meal add books pantry — RECIPEBOOK + PANTRY paths › displays enabled recipe book, pantry, YouTube, and leftover buttons
[33/1215] [desktop-chrome] › tests/e2e/slice-08b-meal-add-books-pantry.spec.ts:290:7 › Slice 08b meal add books pantry — RECIPEBOOK + PANTRY paths › opens recipe book selector and displays books
[34/1215] [desktop-chrome] › tests/e2e/slice-08b-meal-add-books-pantry.spec.ts:306:7 › Slice 08b meal add books pantry — RECIPEBOOK + PANTRY paths › shows empty state when no recipe books
[35/1215] [desktop-chrome] › tests/e2e/slice-08b-meal-add-books-pantry.spec.ts:316:7 › Slice 08b meal add books pantry — RECIPEBOOK + PANTRY paths › returns to planner from menu-add back without keeping menu-add in history
[36/1215] [desktop-chrome] › tests/e2e/slice-08b-meal-add-books-pantry.spec.ts:337:7 › Slice 08b meal add books pantry — RECIPEBOOK + PANTRY paths › opens recipe book detail and displays recipes
[37/1215] [desktop-chrome] › tests/e2e/slice-08b-meal-add-books-pantry.spec.ts:359:7 › Slice 08b meal add books pantry — RECIPEBOOK + PANTRY paths › shows empty state when recipe book has no recipes
[38/1215] [desktop-chrome] › tests/e2e/slice-08b-meal-add-books-pantry.spec.ts:372:7 › Slice 08b meal add books pantry — RECIPEBOOK + PANTRY paths › navigates back from recipe book detail to selector
[39/1215] [desktop-chrome] › tests/e2e/slice-08b-meal-add-books-pantry.spec.ts:396:7 › Slice 08b meal add books pantry — RECIPEBOOK + PANTRY paths › creates meal from recipe book and navigates back
[40/1215] [desktop-chrome] › tests/e2e/slice-08b-meal-add-books-pantry.spec.ts:430:7 › Slice 08b meal add books pantry — RECIPEBOOK + PANTRY paths › replaces menu-add history after recipe book meal creation
[41/1215] [desktop-chrome] › tests/e2e/slice-08b-meal-add-books-pantry.spec.ts:466:7 › Slice 08b meal add books pantry — RECIPEBOOK + PANTRY paths › returns from meal screen to planner on the first back tap after creation
[42/1215] [desktop-chrome] › tests/e2e/slice-08b-meal-add-books-pantry.spec.ts:505:7 › Slice 08b meal add books pantry — RECIPEBOOK + PANTRY paths › opens pantry match picker and displays recommendations
[43/1215] [desktop-chrome] › tests/e2e/slice-08b-meal-add-books-pantry.spec.ts:554:7 › Slice 08b meal add books pantry — RECIPEBOOK + PANTRY paths › shows empty state when no pantry recommendations
[44/1215] [desktop-chrome] › tests/e2e/slice-08b-meal-add-books-pantry.spec.ts:566:7 › Slice 08b meal add books pantry — RECIPEBOOK + PANTRY paths › creates meal from pantry match and navigates back
[45/1215] [desktop-chrome] › tests/e2e/slice-08b-meal-add-books-pantry.spec.ts:607:7 › Slice 08b meal add books pantry — RECIPEBOOK + PANTRY paths › allows canceling servings modal in pantry flow
[46/1215] [desktop-chrome] › tests/e2e/slice-09-shopping-preview-create.spec.ts:89:9 › slice 09: shopping preview and list creation › loading state › should show loading state while fetching preview
[47/1215] [desktop-chrome] › tests/e2e/slice-10a-shopping-detail-interact.spec.ts:133:9 › slice 10a: shopping detail interact › loading state › should show loading state while fetching detail
[WebServer] (node:6707) Warning: The 'NO_COLOR' env is ignored due to the 'FORCE_COLOR' env being set.
[WebServer] (Use `node --trace-warnings ...` to show where the warning was created)

[48/1215] [desktop-chrome] › tests/e2e/slice-06-recipe-to-planner.spec.ts:291:7 › Slice 06 recipe-to-planner › shows error inside sheet when meal creation fails
[49/1215] [desktop-chrome] › tests/e2e/slice-10b-shopping-share-text.spec.ts:140:9 › slice 10b: shopping share text › clipboard fallback (deterministic) › should copy share text to clipboard and show success toast
[WebServer] (node:6739) Warning: The 'NO_COLOR' env is ignored due to the 'FORCE_COLOR' env being set.
[WebServer] (Use `node --trace-warnings ...` to show where the warning was created)

[WebServer] (node:6741) Warning: The 'NO_COLOR' env is ignored due to the 'FORCE_COLOR' env being set.
[WebServer] (Use `node --trace-warnings ...` to show where the warning was created)

[50/1215] [desktop-chrome] › tests/e2e/slice-11-shopping-reorder.spec.ts:149:7 › slice 11: shopping item movement controls removed › does not render item up/down controls on the web shopping screen
[51/1215] [desktop-chrome] › tests/e2e/slice-09-shopping-preview-create.spec.ts:107:9 › slice 09: shopping preview and list creation › empty state › should show empty state when no eligible meals
[52/1215] [desktop-chrome] › tests/e2e/slice-07-meal-manage.spec.ts:154:7 › Slice 07 meal manage — MEAL_SCREEN › shows a meal-shaped skeleton while the slot meals are loading
[WebServer] (node:6753) Warning: The 'NO_COLOR' env is ignored due to the 'FORCE_COLOR' env being set.
[WebServer] (Use `node --trace-warnings ...` to show where the warning was created)

[53/1215] [desktop-chrome] › tests/e2e/slice-10a-shopping-detail-interact.spec.ts:148:9 › slice 10a: shopping detail interact › error state › should show error state when API fails
[54/1215] [desktop-chrome] › tests/e2e/slice-10b-shopping-share-text.spec.ts:181:9 › slice 10b: shopping share text › clipboard fallback (deterministic) › should show empty feedback when all items are pantry-excluded
[WebServer] (node:6784) Warning: The 'NO_COLOR' env is ignored due to the 'FORCE_COLOR' env being set.
[WebServer] (Use `node --trace-warnings ...` to show where the warning was created)

[WebServer] (node:6786) Warning: The 'NO_COLOR' env is ignored due to the 'FORCE_COLOR' env being set.
[WebServer] (Use `node --trace-warnings ...` to show where the warning was created)

[55/1215] [desktop-chrome] › tests/e2e/slice-09-shopping-preview-create.spec.ts:120:9 › slice 09: shopping preview and list creation › empty state › should navigate to planner when clicking back button
[56/1215] [desktop-chrome] › tests/e2e/slice-11-shopping-reorder.spec.ts:173:7 › slice 11: shopping item movement controls removed › does not render item up/down controls on the app shopping screen
[57/1215] [desktop-chrome] › tests/e2e/slice-10a-shopping-detail-interact.spec.ts:174:9 › slice 10a: shopping detail interact › error state › should redirect to login when unauthorized
[58/1215] [desktop-chrome] › tests/e2e/slice-07-meal-manage.spec.ts:193:7 › Slice 07 meal manage — MEAL_SCREEN › authenticated user loads meal list and sees meal cards
[WebServer] (node:6853) Warning: The 'NO_COLOR' env is ignored due to the 'FORCE_COLOR' env being set.
[WebServer] (Use `node --trace-warnings ...` to show where the warning was created)

[59/1215] [desktop-chrome] › tests/e2e/slice-10b-shopping-share-text.spec.ts:215:9 › slice 10b: shopping share text › clipboard fallback (deterministic) › should show error toast when share-text API fails
[WebServer] (node:6968) Warning: The 'NO_COLOR' env is ignored due to the 'FORCE_COLOR' env being set.
[WebServer] (Use `node --trace-warnings ...` to show where the warning was created)

[60/1215] [desktop-chrome] › tests/e2e/slice-11-shopping-reorder.spec.ts:186:7 › slice 11: shopping item movement controls removed › keeps completed lists read-only without reorder controls
[WebServer] (node:7025) Warning: The 'NO_COLOR' env is ignored due to the 'FORCE_COLOR' env being set.
[WebServer] (Use `node --trace-warnings ...` to show where the warning was created)

[WebServer] (node:7030) Warning: The 'NO_COLOR' env is ignored due to the 'FORCE_COLOR' env being set.
[WebServer] (Use `node --trace-warnings ...` to show where the warning was created)

[61/1215] [desktop-chrome] › tests/e2e/slice-07-meal-manage.spec.ts:209:7 › Slice 07 meal manage — MEAL_SCREEN › shows date and slot name in app bar
[62/1215] [desktop-chrome] › tests/e2e/slice-12a-shopping-complete.spec.ts:179:9 › slice 12a: shopping complete › complete button visibility › should show complete button for incomplete lists
[63/1215] [desktop-chrome] › tests/e2e/slice-10a-shopping-detail-interact.spec.ts:199:9 › slice 10a: shopping detail interact › empty state › should show empty state when all items are excluded
[64/1215] [desktop-chrome] › tests/e2e/slice-09-shopping-preview-create.spec.ts:137:9 › slice 09: shopping preview and list creation › error state › should show error state when API fails
[WebServer] (node:7074) Warning: The 'NO_COLOR' env is ignored due to the 'FORCE_COLOR' env being set.
[WebServer] (Use `node --trace-warnings ...` to show where the warning was created)

[65/1215] [desktop-chrome] › tests/e2e/slice-12b-shopping-pantry-reflect.spec.ts:144:9 › slice 12b: shopping pantry reflect › pantry reflection popup › should show popup when clicking complete button
[WebServer] (node:7085) Warning: The 'NO_COLOR' env is ignored due to the 'FORCE_COLOR' env being set.
[WebServer] (Use `node --trace-warnings ...` to show where the warning was created)

[WebServer] (node:7092) Warning: The 'NO_COLOR' env is ignored due to the 'FORCE_COLOR' env being set.
[WebServer] (Use `node --trace-warnings ...` to show where the warning was created)

[66/1215] [desktop-chrome] › tests/e2e/slice-07-meal-manage.spec.ts:224:7 › Slice 07 meal manage — MEAL_SCREEN › shows empty state when no meals registered for slot
[67/1215] [desktop-chrome] › tests/e2e/slice-12a-shopping-complete.spec.ts:191:9 › slice 12a: shopping complete › complete button visibility › should hide complete button for completed lists
[WebServer] (node:7120) Warning: The 'NO_COLOR' env is ignored due to the 'FORCE_COLOR' env being set.
[WebServer] (Use `node --trace-warnings ...` to show where the warning was created)

[68/1215] [desktop-chrome] › tests/e2e/slice-10a-shopping-detail-interact.spec.ts:228:9 › slice 10a: shopping detail interact › happy path › should render list detail with purchase and excluded sections @smoke-core
[69/1215] [desktop-chrome] › tests/e2e/slice-09-shopping-preview-create.spec.ts:164:9 › slice 09: shopping preview and list creation › error state › should retry when clicking retry button
[WebServer] (node:7161) Warning: The 'NO_COLOR' env is ignored due to the 'FORCE_COLOR' env being set.
[WebServer] (Use `node --trace-warnings ...` to show where the warning was created)

[70/1215] [desktop-chrome] › tests/e2e/slice-12b-shopping-pantry-reflect.spec.ts:167:9 › slice 12b: shopping pantry reflect › pantry reflection popup › should complete with all items when every popup item remains selected
[WebServer] (node:7205) Warning: The 'NO_COLOR' env is ignored due to the 'FORCE_COLOR' env being set.
[WebServer] (Use `node --trace-warnings ...` to show where the warning was created)

[WebServer] (node:7209) Warning: The 'NO_COLOR' env is ignored due to the 'FORCE_COLOR' env being set.
[WebServer] (Use `node --trace-warnings ...` to show where the warning was created)

[71/1215] [desktop-chrome] › tests/e2e/slice-12a-shopping-complete.spec.ts:211:9 › slice 12a: shopping complete › complete flow › should complete shopping list successfully
[72/1215] [desktop-chrome] › tests/e2e/slice-07-meal-manage.spec.ts:237:7 › Slice 07 meal manage — MEAL_SCREEN › 식사 추가 CTA is visible on ready state
[WebServer] (node:7267) Warning: The 'NO_COLOR' env is ignored due to the 'FORCE_COLOR' env being set.
[WebServer] (Use `node --trace-warnings ...` to show where the warning was created)

[73/1215] [desktop-chrome] › tests/e2e/slice-10a-shopping-detail-interact.spec.ts:247:9 › slice 10a: shopping detail interact › happy path › should toggle item check status
[74/1215] [desktop-chrome] › tests/e2e/slice-09-shopping-preview-create.spec.ts:206:9 › slice 09: shopping preview and list creation › ready state › should display eligible meals with auto-selection
[WebServer] (node:7302) Warning: The 'NO_COLOR' env is ignored due to the 'FORCE_COLOR' env being set.
[WebServer] (Use `node --trace-warnings ...` to show where the warning was created)

[75/1215] [desktop-chrome] › tests/e2e/slice-12b-shopping-pantry-reflect.spec.ts:217:9 › slice 12b: shopping pantry reflect › pantry reflection popup › should complete with no pantry items when 반영 안 함 is selected
[WebServer] (node:7320) Warning: The 'NO_COLOR' env is ignored due to the 'FORCE_COLOR' env being set.
[WebServer] (Use `node --trace-warnings ...` to show where the warning was created)

[WebServer] (node:7338) Warning: The 'NO_COLOR' env is ignored due to the 'FORCE_COLOR' env being set.
[WebServer] (Use `node --trace-warnings ...` to show where the warning was created)

[76/1215] [desktop-chrome] › tests/e2e/slice-12a-shopping-complete.spec.ts:260:9 › slice 12a: shopping complete › complete flow › keeps the completed meal visible in planner with shopping_done status
[77/1215] [desktop-chrome] › tests/e2e/slice-07-meal-manage.spec.ts:249:7 › Slice 07 meal manage — MEAL_SCREEN › stepper increment for registered meal calls PATCH directly without modal
[WebServer] (node:7388) Warning: The 'NO_COLOR' env is ignored due to the 'FORCE_COLOR' env being set.
[WebServer] (Use `node --trace-warnings ...` to show where the warning was created)

[78/1215] [desktop-chrome] › tests/e2e/slice-09-shopping-preview-create.spec.ts:222:9 › slice 09: shopping preview and list creation › ready state › should toggle meal selection
[79/1215] [desktop-chrome] › tests/e2e/slice-10a-shopping-detail-interact.spec.ts:283:9 › slice 10a: shopping detail interact › happy path › should move item to excluded section
[WebServer] (node:7492) Warning: The 'NO_COLOR' env is ignored due to the 'FORCE_COLOR' env being set.
[WebServer] (Use `node --trace-warnings ...` to show where the warning was created)

[WebServer] (node:7510) Warning: The 'NO_COLOR' env is ignored due to the 'FORCE_COLOR' env being set.
[WebServer] (Use `node --trace-warnings ...` to show where the warning was created)

[WebServer] (node:7512) Warning: The 'NO_COLOR' env is ignored due to the 'FORCE_COLOR' env being set.
[WebServer] (Use `node --trace-warnings ...` to show where the warning was created)

[80/1215] [desktop-chrome] › tests/e2e/slice-12b-shopping-pantry-reflect.spec.ts:265:9 › slice 12b: shopping pantry reflect › pantry reflection popup › should complete with selected pantry reflection items
[81/1215] [desktop-chrome] › tests/e2e/slice-07-meal-manage.spec.ts:281:7 › Slice 07 meal manage — MEAL_SCREEN › minus button is disabled at 1 serving
[WebServer] (node:7528) Warning: The 'NO_COLOR' env is ignored due to the 'FORCE_COLOR' env being set.
[WebServer] (Use `node --trace-warnings ...` to show where the warning was created)

[82/1215] [desktop-chrome] › tests/e2e/slice-10a-shopping-detail-interact.spec.ts:320:9 › slice 10a: shopping detail interact › happy path › should restore item from excluded section
[83/1215] [desktop-chrome] › tests/e2e/slice-09-shopping-preview-create.spec.ts:242:9 › slice 09: shopping preview and list creation › ready state › should show serving tags without shopping serving edit controls
[WebServer] (node:7546) Warning: The 'NO_COLOR' env is ignored due to the 'FORCE_COLOR' env being set.
[WebServer] (Use `node --trace-warnings ...` to show where the warning was created)

[WebServer] (node:7552) Warning: The 'NO_COLOR' env is ignored due to the 'FORCE_COLOR' env being set.
[WebServer] (Use `node --trace-warnings ...` to show where the warning was created)

[84/1215] [desktop-chrome] › tests/e2e/slice-12b-shopping-pantry-reflect.spec.ts:327:9 › slice 12b: shopping pantry reflect › pantry reflection popup › should cancel popup without completing
[85/1215] [desktop-chrome] › tests/e2e/slice-07-meal-manage.spec.ts:293:7 › Slice 07 meal manage — MEAL_SCREEN › stepper for shopping_done meal shows confirmation modal before PATCH
[WebServer] (node:7561) Warning: The 'NO_COLOR' env is ignored due to the 'FORCE_COLOR' env being set.
[WebServer] (Use `node --trace-warnings ...` to show where the warning was created)

[86/1215] [desktop-chrome] › tests/e2e/slice-10a-shopping-detail-interact.spec.ts:358:9 › slice 10a: shopping detail interact › read-only mode › should show read-only notice for completed list
[87/1215] [desktop-chrome] › tests/e2e/slice-09-shopping-preview-create.spec.ts:271:9 › slice 09: shopping preview and list creation › ready state › should keep duplicate recipes separated by meal
[88/1215] [desktop-chrome] › tests/e2e/slice-12a-shopping-complete.spec.ts:327:9 › slice 12a: shopping complete › complete flow › should handle 401 error by redirecting to login
[WebServer] (node:7672) Warning: The 'NO_COLOR' env is ignored due to the 'FORCE_COLOR' env being set.
[WebServer] (Use `node --trace-warnings ...` to show where the warning was created)

[WebServer] (node:7713) Warning: The 'NO_COLOR' env is ignored due to the 'FORCE_COLOR' env being set.
[WebServer] (Use `node --trace-warnings ...` to show where the warning was created)

[WebServer] (node:7729) Warning: The 'NO_COLOR' env is ignored due to the 'FORCE_COLOR' env being set.
[WebServer] (Use `node --trace-warnings ...` to show where the warning was created)

[89/1215] [desktop-chrome] › tests/e2e/slice-12b-shopping-pantry-reflect.spec.ts:362:9 › slice 12b: shopping pantry reflect › pantry reflection popup › should show checked purchase items and already-have items in popup
[90/1215] [desktop-chrome] › tests/e2e/slice-07-meal-manage.spec.ts:308:7 › Slice 07 meal manage — MEAL_SCREEN › serving-change confirm calls PATCH and dismisses modal
[91/1215] [desktop-chrome] › tests/e2e/slice-10a-shopping-detail-interact.spec.ts:379:9 › slice 10a: shopping detail interact › read-only mode › should not show action buttons in read-only mode
[92/1215] [desktop-chrome] › tests/e2e/slice-09-shopping-preview-create.spec.ts:301:9 › slice 09: shopping preview and list creation › ready state › should select and clear every recipe
[WebServer] (node:7756) Warning: The 'NO_COLOR' env is ignored due to the 'FORCE_COLOR' env being set.
[WebServer] (Use `node --trace-warnings ...` to show where the warning was created)

[WebServer] (node:7757) Warning: The 'NO_COLOR' env is ignored due to the 'FORCE_COLOR' env being set.
[WebServer] (Use `node --trace-warnings ...` to show where the warning was created)

[93/1215] [desktop-chrome] › tests/e2e/slice-12b-shopping-pantry-reflect.spec.ts:419:9 › slice 12b: shopping pantry reflect › pantry reflection visual feedback › should show 'pantry added' indicator after completion
[94/1215] [desktop-chrome] › tests/e2e/slice-07-meal-manage.spec.ts:341:7 › Slice 07 meal manage — MEAL_SCREEN › shopping_done meal starts direct cook mode with a meal-screen return path
[95/1215] [desktop-chrome] › tests/e2e/slice-10a-shopping-detail-interact.spec.ts:398:9 › slice 10a: shopping detail interact › read-only mode › should hide checkboxes in read-only mode
[96/1215] [desktop-chrome] › tests/e2e/slice-09-shopping-preview-create.spec.ts:330:9 › slice 09: shopping preview and list creation › create shopping list › should create list and navigate to detail
[97/1215] [desktop-chrome] › tests/e2e/slice-12a-shopping-complete.spec.ts:362:9 › slice 12a: shopping complete › complete flow › should handle 409 conflict error
[WebServer] (node:7790) Warning: The 'NO_COLOR' env is ignored due to the 'FORCE_COLOR' env being set.
[WebServer] (Use `node --trace-warnings ...` to show where the warning was created)

[WebServer] (node:7792) Warning: The 'NO_COLOR' env is ignored due to the 'FORCE_COLOR' env being set.
[WebServer] (Use `node --trace-warnings ...` to show where the warning was created)

[WebServer] (node:7795) Warning: The 'NO_COLOR' env is ignored due to the 'FORCE_COLOR' env being set.
[WebServer] (Use `node --trace-warnings ...` to show where the warning was created)

[98/1215] [desktop-chrome] › tests/e2e/slice-13-pantry-core.spec.ts:286:7 › PANTRY screen › shows login gate for unauthenticated users
[99/1215] [desktop-chrome] › tests/e2e/slice-10a-shopping-detail-interact.spec.ts:416:9 › slice 10a: shopping detail interact › conflict handling › should switch to read-only mode when update returns 409 conflict
[100/1215] [desktop-chrome] › tests/e2e/slice-12a-shopping-complete.spec.ts:397:9 › slice 12a: shopping complete › complete flow › should handle generic API error
[WebServer] (node:7819) Warning: The 'NO_COLOR' env is ignored due to the 'FORCE_COLOR' env being set.
[WebServer] (Use `node --trace-warnings ...` to show where the warning was created)

[101/1215] [desktop-chrome] › tests/e2e/slice-09-shopping-preview-create.spec.ts:379:9 › slice 09: shopping preview and list creation › create shopping list › should submit only selected meals
[102/1215] [desktop-chrome] › tests/e2e/slice-15a-cook-planner-complete.spec.ts:151:7 › Slice 15a cook planner complete › authenticated user sees cook-mode with recipe data
[103/1215] [desktop-chrome] › tests/e2e/slice-12a-shopping-complete.spec.ts:434:9 › slice 12a: shopping complete › read-only UI after completion › should disable check/exclude/reorder controls for completed lists
[104/1215] [desktop-chrome] › tests/e2e/slice-13-pantry-core.spec.ts:294:7 › PANTRY screen › shows pantry items after authentication
[WebServer] (node:7923) Warning: The 'NO_COLOR' env is ignored due to the 'FORCE_COLOR' env being set.
[WebServer] (Use `node --trace-warnings ...` to show where the warning was created)

[WebServer] (node:7940) Warning: The 'NO_COLOR' env is ignored due to the 'FORCE_COLOR' env being set.
[WebServer] (Use `node --trace-warnings ...` to show where the warning was created)

[105/1215] [desktop-chrome] › tests/e2e/slice-09-shopping-preview-create.spec.ts:426:9 › slice 09: shopping preview and list creation › create shopping list › should submit the planned shopping servings without local adjustment
[WebServer] (node:7944) Warning: The 'NO_COLOR' env is ignored due to the 'FORCE_COLOR' env being set.
[WebServer] (Use `node --trace-warnings ...` to show where the warning was created)

[106/1215] [desktop-chrome] › tests/e2e/slice-15b-cook-standalone-complete.spec.ts:145:7 › 15b standalone cook mode › happy path: enter standalone cook mode, view data, complete with consumed ingredients, return to recipe
  1) [desktop-chrome] › tests/e2e/slice-07-meal-manage.spec.ts:341:7 › Slice 07 meal manage — MEAL_SCREEN › shopping_done meal starts direct cook mode with a meal-screen return path

    Error: expect(page).toHaveURL(expected) failed

    Expected pattern: /\/cooking\/sessions\/session-e2e\/cook-mode/
    Received string:  "http://127.0.0.1:3120/planner/2026-04-18/550e8400-e29b-41d4-a716-446655440050?slot=%EC%95%84%EC%B9%A8"
    Timeout: 5000ms

    Call log:
      - Expect "toHaveURL" with timeout 5000ms
        9 × unexpected value "http://127.0.0.1:3120/planner/2026-04-18/550e8400-e29b-41d4-a716-446655440050?slot=%EC%95%84%EC%B9%A8"


      355 |       cooking_servings: 2,
      356 |     });
    > 357 |     await expect(page).toHaveURL(/\/cooking\/sessions\/session-e2e\/cook-mode/);
          |                        ^
      358 |
      359 |     const currentUrl = new URL(page.url());
      360 |     expect(currentUrl.searchParams.get("returnTo")).toBe(MEAL_SCREEN_URL);
        at /Users/cwj/.codex/worktrees/f2a2/homecook/tests/e2e/slice-07-meal-manage.spec.ts:357:24

    attachment #1: screenshot (image/png) ──────────────────────────────────────────────────────────
    test-results/slice-07-meal-manage-Slice-d3061-h-a-meal-screen-return-path-desktop-chrome/test-failed-1.png
    ────────────────────────────────────────────────────────────────────────────────────────────────

    attachment #2: video (video/webm) ──────────────────────────────────────────────────────────────
    test-results/slice-07-meal-manage-Slice-d3061-h-a-meal-screen-return-path-desktop-chrome/video.webm
    ────────────────────────────────────────────────────────────────────────────────────────────────

    Error Context: test-results/slice-07-meal-manage-Slice-d3061-h-a-meal-screen-return-path-desktop-chrome/error-context.md


(node:7965) Warning: The 'NO_COLOR' env is ignored due to the 'FORCE_COLOR' env being set.
(Use `node --trace-warnings ...` to show where the warning was created)


[107/1215] [desktop-chrome] › tests/e2e/slice-13-pantry-core.spec.ts:306:7 › PANTRY screen › loads plush-v2 pantry stickers at display-safe resolution
[108/1215] [desktop-chrome] › tests/e2e/slice-15a-cook-planner-complete.spec.ts:176:7 › Slice 15a cook planner complete › whole-board keeps compact step layout with ingredient emphasis
[109/1215] [desktop-chrome] › tests/e2e/slice-09-shopping-preview-create.spec.ts:473:9 › slice 09: shopping preview and list creation › create shopping list › should show creating state
[WebServer] (node:7977) Warning: The 'NO_COLOR' env is ignored due to the 'FORCE_COLOR' env being set.
[WebServer] (Use `node --trace-warnings ...` to show where the warning was created)

(node:7965) Warning: The 'NO_COLOR' env is ignored due to the 'FORCE_COLOR' env being set.
(Use `node --trace-warnings ...` to show where the warning was created)


[110/1215] [desktop-chrome] › tests/e2e/slice-07-meal-manage.spec.ts:363:7 › Slice 07 meal manage — MEAL_SCREEN › serving-change cancel dismisses modal without PATCH
[WebServer] (node:8001) Warning: The 'NO_COLOR' env is ignored due to the 'FORCE_COLOR' env being set.
[WebServer] (Use `node --trace-warnings ...` to show where the warning was created)

[111/1215] [desktop-chrome] › tests/e2e/slice-13-pantry-core.spec.ts:330:7 › PANTRY screen › shows only owned pantry items without missing ingredient toggles
[112/1215] [desktop-chrome] › tests/e2e/slice-15a-cook-planner-complete.spec.ts:217:7 › Slice 15a cook planner complete › whole-board shows all ingredients and all steps without navigation
[113/1215] [desktop-chrome] › tests/e2e/slice-09-shopping-preview-create.spec.ts:497:9 › slice 09: shopping preview and list creation › create shopping list › should handle 409 conflict error
[WebServer] (node:8036) Warning: The 'NO_COLOR' env is ignored due to the 'FORCE_COLOR' env being set.
[WebServer] (Use `node --trace-warnings ...` to show where the warning was created)

[WebServer] (node:8038) Warning: The 'NO_COLOR' env is ignored due to the 'FORCE_COLOR' env being set.
[WebServer] (Use `node --trace-warnings ...` to show where the warning was created)

[WebServer] (node:8040) Warning: The 'NO_COLOR' env is ignored due to the 'FORCE_COLOR' env being set.
[WebServer] (Use `node --trace-warnings ...` to show where the warning was created)

[114/1215] [desktop-chrome] › tests/e2e/slice-13-pantry-core.spec.ts:343:7 › PANTRY screen › selects all visible pantry items in edit mode
[115/1215] [desktop-chrome] › tests/e2e/slice-15a-cook-planner-complete.spec.ts:242:7 › Slice 15a cook planner complete › complete flow: selects consumed ingredients and returns to planner
[116/1215] [desktop-chrome] › tests/e2e/slice-07-meal-manage.spec.ts:392:7 › Slice 07 meal manage — MEAL_SCREEN › delete button shows confirmation modal
[117/1215] [desktop-chrome] › tests/e2e/slice-09-shopping-preview-create.spec.ts:531:9 › slice 09: shopping preview and list creation › navigation › should handle shopping prep navigation for the current viewport
[WebServer] (node:8173) Warning: The 'NO_COLOR' env is ignored due to the 'FORCE_COLOR' env being set.
[WebServer] (Use `node --trace-warnings ...` to show where the warning was created)

[WebServer] (node:8179) Warning: The 'NO_COLOR' env is ignored due to the 'FORCE_COLOR' env being set.
[WebServer] (Use `node --trace-warnings ...` to show where the warning was created)

[WebServer] (node:8182) Warning: The 'NO_COLOR' env is ignored due to the 'FORCE_COLOR' env being set.
[WebServer] (Use `node --trace-warnings ...` to show where the warning was created)

[118/1215] [desktop-chrome] › tests/e2e/slice-13-pantry-core.spec.ts:364:7 › PANTRY screen › shows empty state when no items exist
[119/1215] [desktop-chrome] › tests/e2e/slice-15b-cook-standalone-complete.spec.ts:189:7 › 15b standalone cook mode › cancel returns to recipe detail without API call
[120/1215] [desktop-chrome] › tests/e2e/slice-07-meal-manage.spec.ts:405:7 › Slice 07 meal manage — MEAL_SCREEN › delete confirm removes meal card and shows empty state when last
[121/1215] [desktop-chrome] › tests/e2e/slice-09-shopping-preview-create.spec.ts:555:9 › slice 09: shopping preview and list creation › unauthorized › should redirect to login when not authenticated
[WebServer] (node:8208) Warning: The 'NO_COLOR' env is ignored due to the 'FORCE_COLOR' env being set.
[WebServer] (Use `node --trace-warnings ...` to show where the warning was created)

[122/1215] [desktop-chrome] › tests/e2e/slice-15a-cook-planner-complete.spec.ts:293:7 › Slice 15a cook planner complete › empty consumed ingredients returns to planner
[123/1215] [desktop-chrome] › tests/e2e/slice-13-pantry-core.spec.ts:380:7 › PANTRY screen › selects items and deletes them
[WebServer] (node:8217) Warning: The 'NO_COLOR' env is ignored due to the 'FORCE_COLOR' env being set.
[WebServer] (Use `node --trace-warnings ...` to show where the warning was created)

[WebServer] (node:8228) Warning: The 'NO_COLOR' env is ignored due to the 'FORCE_COLOR' env being set.
[WebServer] (Use `node --trace-warnings ...` to show where the warning was created)

[WebServer] (node:8230) Warning: The 'NO_COLOR' env is ignored due to the 'FORCE_COLOR' env being set.
[WebServer] (Use `node --trace-warnings ...` to show where the warning was created)

[124/1215] [desktop-chrome] › tests/e2e/slice-07-meal-manage.spec.ts:422:7 › Slice 07 meal manage — MEAL_SCREEN › delete cancel dismisses modal without removing card
[125/1215] [desktop-chrome] › tests/e2e/slice-15b-cook-standalone-complete.spec.ts:203:7 › 15b standalone cook mode › unauthenticated user sees login gate on complete attempt
[126/1215] [desktop-chrome] › tests/e2e/slice-16-leftovers.spec.ts:296:7 › LEFTOVERS screen › shows leftover list when authenticated
[127/1215] [desktop-chrome] › tests/e2e/slice-13-pantry-core.spec.ts:411:7 › PANTRY screen › opens the add ingredient sheet and adds items
[WebServer] (node:8257) Warning: The 'NO_COLOR' env is ignored due to the 'FORCE_COLOR' env being set.
[WebServer] (Use `node --trace-warnings ...` to show where the warning was created)

[WebServer] (node:8265) Warning: The 'NO_COLOR' env is ignored due to the 'FORCE_COLOR' env being set.
[WebServer] (Use `node --trace-warnings ...` to show where the warning was created)

[128/1215] [desktop-chrome] › tests/e2e/slice-15a-cook-planner-complete.spec.ts:310:7 › Slice 15a cook planner complete › cancel flow: opens confirm, clicks yes, returns to planner
[129/1215] [desktop-chrome] › tests/e2e/slice-15b-cook-standalone-complete.spec.ts:225:7 › 15b standalone cook mode › standalone cook mode uses whole-board without tab or step controls
[130/1215] [desktop-chrome] › tests/e2e/slice-07-meal-manage.spec.ts:440:7 › Slice 07 meal manage — MEAL_SCREEN › no horizontal overflow on meal screen
[131/1215] [desktop-chrome] › tests/e2e/slice-16-leftovers.spec.ts:321:7 › LEFTOVERS screen › keeps legacy action targets clear of the bottom tab at 390px
[WebServer] (node:8417) Warning: The 'NO_COLOR' env is ignored due to the 'FORCE_COLOR' env being set.
[WebServer] (Use `node --trace-warnings ...` to show where the warning was created)

[WebServer] (node:8419) Warning: The 'NO_COLOR' env is ignored due to the 'FORCE_COLOR' env being set.
[WebServer] (Use `node --trace-warnings ...` to show where the warning was created)

[132/1215] [desktop-chrome] › tests/e2e/slice-16-leftovers.spec.ts:344:7 › LEFTOVERS screen › eat action removes item from list
[WebServer] (node:8420) Warning: The 'NO_COLOR' env is ignored due to the 'FORCE_COLOR' env being set.
[WebServer] (Use `node --trace-warnings ...` to show where the warning was created)

[133/1215] [desktop-chrome] › tests/e2e/slice-13-pantry-core.spec.ts:432:7 › PANTRY screen › opens the bundle picker and shows bundles
[134/1215] [desktop-chrome] › tests/e2e/slice-15b-cook-standalone-complete.spec.ts:246:7 › 15b standalone cook mode › complete with empty consumed_ingredient_ids
[135/1215] [desktop-chrome] › tests/e2e/slice-07-meal-manage.spec.ts:459:7 › Slice 07 meal manage — MEAL_SCREEN › clicking recipe title navigates to RECIPE_DETAIL (Wave1)
[WebServer] (node:8454) Warning: The 'NO_COLOR' env is ignored due to the 'FORCE_COLOR' env being set.
[WebServer] (Use `node --trace-warnings ...` to show where the warning was created)

[136/1215] [desktop-chrome] › tests/e2e/slice-16-leftovers.spec.ts:360:7 › LEFTOVERS screen › shows empty state when all leftovers are eaten
[137/1215] [desktop-chrome] › tests/e2e/slice-13-pantry-core.spec.ts:470:7 › PANTRY screen › searches pantry items and shows an empty result state
[WebServer] (node:8473) Warning: The 'NO_COLOR' env is ignored due to the 'FORCE_COLOR' env being set.
[WebServer] (Use `node --trace-warnings ...` to show where the warning was created)

[138/1215] [desktop-chrome] › tests/e2e/slice-15a-cook-planner-complete.spec.ts:331:7 › Slice 15a cook planner complete › guest user sees login gate
[WebServer] (node:8495) Warning: The 'NO_COLOR' env is ignored due to the 'FORCE_COLOR' env being set.
[WebServer] (Use `node --trace-warnings ...` to show where the warning was created)

[139/1215] [desktop-chrome] › tests/e2e/slice-16-leftovers.spec.ts:376:7 › LEFTOVERS screen › planner add opens sheet
[WebServer] (node:8497) Warning: The 'NO_COLOR' env is ignored due to the 'FORCE_COLOR' env being set.
[WebServer] (Use `node --trace-warnings ...` to show where the warning was created)

[140/1215] [desktop-chrome] › tests/e2e/slice-17a-mypage.spec.ts:498:7 › MYPAGE screen › shows profile and recipe books when authenticated @smoke-core
[141/1215] [desktop-chrome] › tests/e2e/slice-13-pantry-core.spec.ts:485:7 › PANTRY screen › filters items by category chip
[142/1215] [desktop-chrome] › tests/e2e/slice-15a-cook-planner-complete.spec.ts:341:7 › Slice 15a cook planner complete › cook mode has whole-board controls without tab, timer, or memo controls
[WebServer] (node:8572) Warning: The 'NO_COLOR' env is ignored due to the 'FORCE_COLOR' env being set.
[WebServer] (Use `node --trace-warnings ...` to show where the warning was created)

[WebServer] (node:8600) Warning: The 'NO_COLOR' env is ignored due to the 'FORCE_COLOR' env being set.
[WebServer] (Use `node --trace-warnings ...` to show where the warning was created)

[143/1215] [desktop-chrome] › tests/e2e/slice-07-meal-manage.spec.ts:475:7 › Slice 07 meal manage — MEAL_SCREEN › delete uses trash icon button with data-testid (Wave1)
[144/1215] [desktop-chrome] › tests/e2e/slice-16-leftovers.spec.ts:390:7 › LEFTOVERS screen › shows login gate for unauthenticated users
[145/1215] [desktop-chrome] › tests/e2e/slice-15a-cook-planner-complete.spec.ts:358:7 › Slice 15a cook planner complete › bottom cancel and complete controls stay visible
[146/1215] [desktop-chrome] › tests/e2e/slice-17b-recipebook-detail.spec.ts:225:7 › RECIPEBOOK_DETAIL screen › shows error when recipebook does not exist
[WebServer] (node:8673) Warning: The 'NO_COLOR' env is ignored due to the 'FORCE_COLOR' env being set.
[WebServer] (Use `node --trace-warnings ...` to show where the warning was created)

[WebServer] (node:8672) Warning: The 'NO_COLOR' env is ignored due to the 'FORCE_COLOR' env being set.
[WebServer] (Use `node --trace-warnings ...` to show where the warning was created)

[147/1215] [desktop-chrome] › tests/e2e/slice-16-leftovers.spec.ts:398:7 › LEFTOVERS screen › has navigation link to ate-list
[WebServer] (node:8678) Warning: The 'NO_COLOR' env is ignored due to the 'FORCE_COLOR' env being set.
[WebServer] (Use `node --trace-warnings ...` to show where the warning was created)

[148/1215] [desktop-chrome] › tests/e2e/slice-07-meal-manage.spec.ts:495:7 › Slice 07 meal manage — MEAL_SCREEN › status tags are visible on meal cards without status selectors (Wave1)
[149/1215] [desktop-chrome] › tests/e2e/slice-15a-cook-planner-complete.spec.ts:368:7 › Slice 15a cook planner complete › 404 session shows not-found state
[WebServer] (node:8688) Warning: The 'NO_COLOR' env is ignored due to the 'FORCE_COLOR' env being set.
[WebServer] (Use `node --trace-warnings ...` to show where the warning was created)

[WebServer] (node:8700) Warning: The 'NO_COLOR' env is ignored due to the 'FORCE_COLOR' env being set.
[WebServer] (Use `node --trace-warnings ...` to show where the warning was created)

[150/1215] [desktop-chrome] › tests/e2e/slice-16-leftovers.spec.ts:417:7 › ATE_LIST screen › shows eaten items
[151/1215] [desktop-chrome] › tests/e2e/slice-17a-mypage.spec.ts:536:7 › MYPAGE screen › keeps MYPAGE usable when the progress endpoint fails
[152/1215] [desktop-chrome] › tests/e2e/slice-17c-settings.spec.ts:394:7 › SETTINGS screen › shows settings items when authenticated
[153/1215] [desktop-chrome] › tests/e2e/slice-17b-recipebook-detail.spec.ts:248:7 › RECIPEBOOK_DETAIL screen › shows recipe list for saved book with remove buttons
[WebServer] (node:8708) Warning: The 'NO_COLOR' env is ignored due to the 'FORCE_COLOR' env being set.
[WebServer] (Use `node --trace-warnings ...` to show where the warning was created)

[154/1215] [desktop-chrome] › tests/e2e/slice-18-manual-recipe-create.spec.ts:218:7 › Slice 18: Manual Recipe Create › authenticated happy path: create recipe and view detail
[155/1215] [desktop-chrome] › tests/e2e/slice-18-manual-recipe-create.spec.ts:294:7 › Slice 18: Manual Recipe Create › create failure shows error and allows retry
[156/1215] [desktop-chrome] › tests/e2e/slice-18-manual-recipe-create.spec.ts:379:7 › Slice 18: Manual Recipe Create › validation: cannot save without required fields
[157/1215] [desktop-chrome] › tests/e2e/slice-18-manual-recipe-create.spec.ts:435:7 › Slice 18: Manual Recipe Create › guest: redirects to login with return-to-action
[158/1215] [desktop-chrome] › tests/e2e/slice-18-manual-recipe-create.spec.ts:447:7 › Slice 18: Manual Recipe Create › context preservation: query params passed through from menu-add
[159/1215] [desktop-chrome] › tests/e2e/slice-18-manual-recipe-create.spec.ts:470:7 › Slice 18: Manual Recipe Create › meal add flow: creates meal with correct context and navigates
[160/1215] [desktop-chrome] › tests/e2e/slice-18-manual-recipe-create.spec.ts:569:7 › Slice 18: Manual Recipe Create › meal add flow: shows error when planner context is missing
[161/1215] [desktop-chrome] › tests/e2e/slice-18-manual-recipe-create.spec.ts:639:7 › Slice 18: Manual Recipe Create › my_added virtual book: created manual recipe appears in my_added recipebook
[162/1215] [desktop-chrome] › tests/e2e/slice-18-manual-recipe-create.spec.ts:724:7 › Slice 18: Manual Recipe Create › ingredient modal defaults to g and has no type selector
[163/1215] [desktop-chrome] › tests/e2e/slice-18-manual-recipe-create.spec.ts:751:7 › Slice 18: Manual Recipe Create › ingredient modal shows all ingredients before search and filters by category
[164/1215] [desktop-chrome] › tests/e2e/slice-18-manual-recipe-create.spec.ts:808:7 › Slice 18: Manual Recipe Create › ingredient unit can switch between g and ml
[165/1215] [desktop-chrome] › tests/e2e/slice-18-manual-recipe-create.spec.ts:834:7 › Slice 18: Manual Recipe Create › ingredient selection keeps the list visible before adding
[166/1215] [desktop-chrome] › tests/e2e/slice-18-manual-recipe-create.spec.ts:858:7 › Slice 18: Manual Recipe Create › ingredient modal shows selected chips before adding to the main form
[167/1215] [desktop-chrome] › tests/e2e/slice-18-manual-recipe-create.spec.ts:878:7 › Slice 18: Manual Recipe Create › mobile unit options are large tappable chips
[168/1215] [desktop-chrome] › tests/e2e/slice-18-manual-recipe-create.spec.ts:906:7 › Slice 18: Manual Recipe Create › ingredient modal can add multiple ingredients before closing
[169/1215] [desktop-chrome] › tests/e2e/slice-18-manual-recipe-create.spec.ts:933:7 › Slice 18: Manual Recipe Create › ingredient modal stays usable while category results load
[170/1215] [desktop-chrome] › tests/e2e/slice-18-manual-recipe-create.spec.ts:981:7 › Slice 18: Manual Recipe Create › ingredient modal closes when clicking the backdrop
[171/1215] [desktop-chrome] › tests/e2e/slice-18-manual-recipe-create.spec.ts:999:7 › Slice 18: Manual Recipe Create › step modal closes when clicking the backdrop
[172/1215] [desktop-chrome] › tests/e2e/slice-19-youtube-import.spec.ts:328:7 › Slice 19: YouTube Import › happy path: URL → extract → review → register → complete
[173/1215] [desktop-chrome] › tests/e2e/slice-19-youtube-import.spec.ts:374:7 › Slice 19: YouTube Import › oEmbed preview waits for explicit extraction before spending YouTube quota
[174/1215] [desktop-chrome] › tests/e2e/slice-19-youtube-import.spec.ts:400:7 › Slice 19: YouTube Import › non-recipe gate: blocks extraction and asks for another URL
[175/1215] [desktop-chrome] › tests/e2e/slice-19-youtube-import.spec.ts:438:7 › Slice 19: YouTube Import › non-recipe warning: re-enter goes back to URL input
[176/1215] [desktop-chrome] › tests/e2e/slice-19-youtube-import.spec.ts:457:7 › Slice 19: YouTube Import › uncertain classification: continues extraction with careful-review warning
[177/1215] [desktop-chrome] › tests/e2e/slice-19-youtube-import.spec.ts:477:7 › Slice 19: YouTube Import › URL validation error: shows error message
[178/1215] [desktop-chrome] › tests/e2e/slice-19-youtube-import.spec.ts:489:7 › Slice 19: YouTube Import › enqueue error keeps the URL available for retry
[179/1215] [desktop-chrome] › tests/e2e/slice-19-youtube-import.spec.ts:508:7 › Slice 19: YouTube Import › register error: shows error modal with retry
[180/1215] [desktop-chrome] › tests/e2e/slice-19-youtube-import.spec.ts:532:7 › Slice 19: YouTube Import › session error: shows backend session message during register
[181/1215] [desktop-chrome] › tests/e2e/slice-19-youtube-import.spec.ts:554:7 › Slice 19: YouTube Import › review back confirm: leave exits youtube import
[182/1215] [desktop-chrome] › tests/e2e/slice-19-youtube-import.spec.ts:576:7 › Slice 19: YouTube Import › complete close: exits youtube import
[183/1215] [desktop-chrome] › tests/e2e/slice-19-youtube-import.spec.ts:597:7 › Slice 19: YouTube Import › guest: redirects to login with return-to-action
[184/1215] [desktop-chrome] › tests/e2e/slice-19-youtube-import.spec.ts:608:7 › Slice 19: YouTube Import › guest with query params: preserves plan context in return URL
[185/1215] [desktop-chrome] › tests/e2e/slice-19-youtube-import.spec.ts:628:7 › Slice 19: YouTube Import › meal add flow: complete → add to meal → navigate to planner
[186/1215] [desktop-chrome] › tests/e2e/slice-19-youtube-import.spec.ts:706:7 › Slice 19: YouTube Import › review: can add and remove ingredients
[187/1215] [desktop-chrome] › tests/e2e/slice-19-youtube-import.spec.ts:738:7 › Slice 19: YouTube Import › review: can remove steps and numbers renumber
[188/1215] [desktop-chrome] › tests/e2e/slice-19-youtube-import.spec.ts:761:7 › Slice 19: YouTube Import › fetch button disabled when URL is empty
[189/1215] [desktop-chrome] › tests/e2e/slice-19-youtube-import.spec.ts:774:7 › Slice 19: YouTube Import › register button disabled without required fields
[190/1215] [desktop-chrome] › tests/e2e/slice-19-youtube-import.spec.ts:808:7 › Slice 19: YouTube Import › review: blocks save until needs-review and unresolved ingredients are resolved
[191/1215] [desktop-chrome] › tests/e2e/slice-19-youtube-import.spec.ts:906:7 › Slice 19: YouTube Import › review: blocks save until incomplete step fields are edited
[192/1215] [desktop-chrome] › tests/e2e/slice-19-youtube-import.spec.ts:966:7 › Slice 19: YouTube Import › base_servings null defaults to 1
[193/1215] [desktop-chrome] › tests/e2e/slice-19-youtube-import.spec.ts:1034:7 › Slice 19: YouTube Import › complete without plan context: no meal-add button
[194/1215] [desktop-chrome] › tests/e2e/slice-19-youtube-import.spec.ts:1061:7 › Slice 19: YouTube Import desktop embedded › embedded review keeps the final register action visible @smoke-core
[WebServer] (node:8735) Warning: The 'NO_COLOR' env is ignored due to the 'FORCE_COLOR' env being set.
[WebServer] (Use `node --trace-warnings ...` to show where the warning was created)

[195/1215] [desktop-chrome] › tests/e2e/slice-17b-recipebook-detail.spec.ts:284:7 › RECIPEBOOK_DETAIL screen › renames a custom book from the book-level menu
[196/1215] [desktop-chrome] › tests/e2e/slice-16-leftovers.spec.ts:445:7 › ATE_LIST screen › uneat action removes item from eaten list
[197/1215] [desktop-chrome] › tests/e2e/slice-17a-mypage.spec.ts:556:7 › MYPAGE screen › shows login gate for unauthenticated users
[198/1215] [desktop-chrome] › tests/e2e/slice-17c-settings.spec.ts:419:7 › SETTINGS screen › shows login gate with login link for unauthenticated users
[WebServer] (node:8916) Warning: The 'NO_COLOR' env is ignored due to the 'FORCE_COLOR' env being set.
[WebServer] (Use `node --trace-warnings ...` to show where the warning was created)

[199/1215] [desktop-chrome] › tests/e2e/slice-22-youtube-ingredient-registration.spec.ts:10:7 › Slice 22: YouTube ingredient registration › unresolved ingredient can be user-registered and then saved @smoke-core
[200/1215] [desktop-chrome] › tests/e2e/slice-17b-recipebook-detail.spec.ts:302:7 › RECIPEBOOK_DETAIL screen › deletes a custom book from the book-level menu
[201/1215] [desktop-chrome] › tests/e2e/slice-16-leftovers.spec.ts:461:7 › ATE_LIST screen › shows login gate for unauthenticated users
[202/1215] [desktop-chrome] › tests/e2e/slice-17a-mypage.spec.ts:564:7 › MYPAGE screen › switches to shopping history tab and shows records
[203/1215] [desktop-chrome] › tests/e2e/slice-17c-settings.spec.ts:432:7 › SETTINGS screen › toggles screen wake lock
[WebServer] (node:9045) Warning: The 'NO_COLOR' env is ignored due to the 'FORCE_COLOR' env being set.
[WebServer] (Use `node --trace-warnings ...` to show where the warning was created)

[204/1215] [desktop-chrome] › tests/e2e/slice-16-leftovers.spec.ts:469:7 › ATE_LIST screen › shows empty state when no eaten items
[205/1215] [desktop-chrome] › tests/e2e/slice-17c-settings.spec.ts:448:7 › SETTINGS screen › settings toggle failure reverts value and shows error
[206/1215] [desktop-chrome] › tests/e2e/slice-25-youtube-bulk-ingredient-registration.spec.ts:12:7 › Slice 25: YouTube bulk ingredient registration › bulk CTA visible with 5 eligible rows, sheet opens and bulk registers all @smoke-core
[207/1215] [desktop-chrome] › tests/e2e/slice-17b-recipebook-detail.spec.ts:319:7 › RECIPEBOOK_DETAIL screen › shows 좋아요 해제 label for liked books
[208/1215] [desktop-chrome] › tests/e2e/slice-16-leftovers.spec.ts:488:7 › ATE_LIST screen › has back link to leftovers
[209/1215] [desktop-chrome] › tests/e2e/slice-17c-settings.spec.ts:465:7 › SETTINGS screen › does not expose nickname editing on settings routes
[210/1215] [desktop-chrome] › tests/e2e/slice-17a-mypage.spec.ts:613:7 › MYPAGE screen › navigates to shopping detail when clicking a shopping history item
[211/1215] [desktop-chrome] › tests/e2e/slice-25-youtube-bulk-ingredient-registration.spec.ts:100:7 › Slice 25: YouTube bulk ingredient registration › existing single-row registration flow still works (regression) @smoke-core
[WebServer] (node:9090) Warning: The 'NO_COLOR' env is ignored due to the 'FORCE_COLOR' env being set.
[WebServer] (Use `node --trace-warnings ...` to show where the warning was created)

[212/1215] [desktop-chrome] › tests/e2e/slice-17b-recipebook-detail.spec.ts:328:7 › RECIPEBOOK_DETAIL screen › hides remove button for my_added books
[213/1215] [desktop-chrome] › tests/e2e/slice-27-youtube-import-quality.spec.ts:213:7 › Slice 27: YouTube Import Quality Uplift › all-resolved ingredients register without correction (quality uplift)
[214/1215] [desktop-chrome] › tests/e2e/slice-27-youtube-import-quality.spec.ts:236:7 › Slice 27: YouTube Import Quality Uplift › conflict 409: shows session conflict message during register
[215/1215] [desktop-chrome] › tests/e2e/slice-27-youtube-import-quality.spec.ts:273:7 › Slice 27: YouTube Import Quality Uplift › session expired 410: shows expiration message during register
[216/1215] [desktop-chrome] › tests/e2e/slice-27-youtube-import-quality.spec.ts:309:7 › Slice 27: YouTube Import Quality Uplift › full flow: URL → extract → review → register with quality-uplifted extraction
[217/1215] [desktop-chrome] › tests/e2e/slice-27-youtube-import-quality.spec.ts:348:7 › Slice 27: YouTube Import Quality Uplift › guest redirect preserves return-to-action for youtube import
[218/1215] [desktop-chrome] › tests/e2e/slice-27b-youtube-source-fallback.spec.ts:238:7 › Slice 27b: YouTube Source Fallback › partial draft no-provider flow: shows guidance, user adds step, register succeeds
[219/1215] [desktop-chrome] › tests/e2e/slice-27b-youtube-source-fallback.spec.ts:286:7 › Slice 27b: YouTube Source Fallback › caption flow: shows Korean caption label and no false warning when steps present
[220/1215] [desktop-chrome] › tests/e2e/slice-29-youtube-author-comment-fallback.spec.ts:255:7 › Slice 29: YouTube Author Comment Fallback › author-comment fallback flow: URL → extract → review → register → complete
[221/1215] [desktop-chrome] › tests/e2e/slice-29-youtube-author-comment-fallback.spec.ts:274:7 › Slice 29: YouTube Author Comment Fallback › loading state remains visible while author-comment fallback extraction waits
[222/1215] [desktop-chrome] › tests/e2e/slice-29-youtube-author-comment-fallback.spec.ts:293:7 › Slice 29: YouTube Author Comment Fallback › register conflict uses the existing error modal
[223/1215] [desktop-chrome] › tests/e2e/slice-29-youtube-author-comment-fallback.spec.ts:312:7 › Slice 29: YouTube Author Comment Fallback › description-ready flow: does not show author-comment source when unused
[224/1215] [desktop-chrome] › tests/e2e/slice-31-recipe-media-tags.spec.ts:350:7 › Slice 31: Recipe media and tags evidence › captures mobile and narrow evidence for recipe media/tag surfaces
[225/1215] [desktop-chrome] › tests/e2e/slice-17c-settings.spec.ts:477:7 › SETTINGS screen › logout confirm triggers API and navigates home
[226/1215] [desktop-chrome] › tests/e2e/slice-25-youtube-bulk-ingredient-registration.spec.ts:129:7 › Slice 25: YouTube bulk ingredient registration › bulk CTA NOT visible when fewer than 2 eligible rows
[WebServer] (node:9126) Warning: The 'NO_COLOR' env is ignored due to the 'FORCE_COLOR' env being set.
[WebServer] (Use `node --trace-warnings ...` to show where the warning was created)

[227/1215] [desktop-chrome] › tests/e2e/slice-17b-recipebook-detail.spec.ts:342:7 › RECIPEBOOK_DETAIL screen › loads next page without duplicate recipe cards
[228/1215] [desktop-chrome] › tests/e2e/slice-17a-mypage.spec.ts:640:7 › MYPAGE screen › opens recipebook detail in the correct mypage context
[229/1215] [desktop-chrome] › tests/e2e/slice-32-youtube-visual-quantity-enrichment.spec.ts:232:7 › Slice 32: YouTube visual quantity enrichment › review screen shows quantity provenance and registers confirmed suggestions
[WebServer] (node:9145) Warning: The 'NO_COLOR' env is ignored due to the 'FORCE_COLOR' env being set.
[WebServer] (Use `node --trace-warnings ...` to show where the warning was created)

[230/1215] [desktop-chrome] › tests/e2e/slice-17b-recipebook-detail.spec.ts:443:7 › RECIPEBOOK_DETAIL screen › removes item from saved book with optimistic UI
[231/1215] [desktop-chrome] › tests/e2e/slice-17c-settings.spec.ts:506:7 › SETTINGS screen › logout failure keeps dialog open and shows error
[WebServer] (node:9245) Warning: The 'NO_COLOR' env is ignored due to the 'FORCE_COLOR' env being set.
[WebServer] (Use `node --trace-warnings ...` to show where the warning was created)

[232/1215] [desktop-chrome] › tests/e2e/slice-32-youtube-visual-quantity-enrichment.spec.ts:275:7 › Slice 32: YouTube visual quantity enrichment › review screen sends edited and cleared quantity decisions
[233/1215] [desktop-chrome] › tests/e2e/slice-17b-recipebook-detail.spec.ts:464:7 › RECIPEBOOK_DETAIL screen › restores optimistic UI and shows error when remove fails
[234/1215] [desktop-chrome] › tests/e2e/slice-17a-mypage.spec.ts:669:7 › MYPAGE screen › returns directly from shopping detail to the shopping history context
[235/1215] [desktop-chrome] › tests/e2e/slice-17c-settings.spec.ts:526:7 › SETTINGS screen › delete confirm triggers API and navigates home
[WebServer] (node:9296) Warning: The 'NO_COLOR' env is ignored due to the 'FORCE_COLOR' env being set.
[WebServer] (Use `node --trace-warnings ...` to show where the warning was created)

[236/1215] [desktop-chrome] › tests/e2e/slice-17b-recipebook-detail.spec.ts:528:7 › RECIPEBOOK_DETAIL screen › shows empty state after removing all items
[WebServer] (node:9318) Warning: The 'NO_COLOR' env is ignored due to the 'FORCE_COLOR' env being set.
[WebServer] (Use `node --trace-warnings ...` to show where the warning was created)

[WebServer] (node:9380) Warning: The 'NO_COLOR' env is ignored due to the 'FORCE_COLOR' env being set.
[WebServer] (Use `node --trace-warnings ...` to show where the warning was created)

[237/1215] [desktop-chrome] › tests/e2e/slice-17c-settings.spec.ts:555:7 › SETTINGS screen › delete failure keeps dialog open and shows error
[238/1215] [desktop-chrome] › tests/e2e/slice-17a-mypage.spec.ts:704:7 › MYPAGE screen › shows empty shopping history state with planner link
[239/1215] [desktop-chrome] › tests/e2e/slice-17b-recipebook-detail.spec.ts:545:7 › RECIPEBOOK_DETAIL screen › shows empty state when book has no items
[WebServer] (node:9430) Warning: The 'NO_COLOR' env is ignored due to the 'FORCE_COLOR' env being set.
[WebServer] (Use `node --trace-warnings ...` to show where the warning was created)

[240/1215] [desktop-chrome] › tests/e2e/slice-31-recipe-media-tags.spec.ts:462:7 › Slice 31: Recipe media and tags evidence › recipe-visibility-read-hardening managed manual upload keeps object identity through create
[WebServer] (node:9519) Warning: The 'NO_COLOR' env is ignored due to the 'FORCE_COLOR' env being set.
[WebServer] (Use `node --trace-warnings ...` to show where the warning was created)

[241/1215] [desktop-chrome] › tests/e2e/slice-17b-recipebook-detail.spec.ts:555:7 › RECIPEBOOK_DETAIL screen › recipe card shows reader actions
[242/1215] [desktop-chrome] › tests/e2e/slice-17c-settings.spec.ts:572:7 › SETTINGS screen › delete confirm dialog can be cancelled
[WebServer] (node:9531) Warning: The 'NO_COLOR' env is ignored due to the 'FORCE_COLOR' env being set.
[WebServer] (Use `node --trace-warnings ...` to show where the warning was created)

[243/1215] [desktop-chrome] › tests/e2e/slice-32-youtube-visual-quantity-enrichment.spec.ts:319:7 › Slice 32: YouTube visual quantity enrichment › background import defers quantity review without auto-registering
[244/1215] [desktop-chrome] › tests/e2e/slice-33-youtube-i031-direct-extraction.spec.ts:104:7 › Workpack 33: YouTube i031 direct extraction closeout › blocks duplicate background submission while URL validation is pending
[245/1215] [desktop-chrome] › tests/e2e/slice-17a-mypage.spec.ts:722:7 › MYPAGE screen › creates a new custom recipe book
[246/1215] [desktop-chrome] › tests/e2e/slice-17b-recipebook-detail.spec.ts:571:7 › RECIPEBOOK_DETAIL screen › back button links to mypage
[247/1215] [desktop-chrome] › tests/e2e/slice-17c-settings.spec.ts:586:7 › SETTINGS screen › delete succeeds but logout cleanup fails shows error and stays
[248/1215] [desktop-chrome] › tests/e2e/slice-33c-gamification.spec.ts:497:7 › 33c gamification frontend @smoke-core › renders MYPAGE badges, quests, guide, soft-fail, and XP toast evidence
[WebServer] (node:9693) Warning: The 'NO_COLOR' env is ignored due to the 'FORCE_COLOR' env being set.
[WebServer] (Use `node --trace-warnings ...` to show where the warning was created)

[249/1215] [desktop-chrome] › tests/e2e/slice-33-youtube-i031-direct-extraction.spec.ts:152:7 › Workpack 33: YouTube i031 direct extraction closeout › keeps queue failures inline and retries through background enqueue
[250/1215] [desktop-chrome] › tests/e2e/slice-17b-recipebook-detail.spec.ts:588:7 › RECIPEBOOK_DETAIL screen › shows login gate for unauthenticated users
[251/1215] [desktop-chrome] › tests/e2e/slice-17c-settings.spec.ts:604:7 › SETTINGS screen › back button navigates to /mypage
[252/1215] [desktop-chrome] › tests/e2e/slice-17a-mypage.spec.ts:736:7 › MYPAGE screen › renames a custom recipe book via context menu
[WebServer] (node:9718) Warning: The 'NO_COLOR' env is ignored due to the 'FORCE_COLOR' env being set.
[WebServer] (Use `node --trace-warnings ...` to show where the warning was created)

[253/1215] [desktop-chrome] › tests/e2e/slice-34c-growth-notification.spec.ts:466:7 › 34c growth notification UI @smoke-core › keeps server order, visible max, and seen boundaries
[254/1215] [desktop-chrome] › tests/e2e/slice-33-youtube-i031-direct-extraction.spec.ts:205:7 › Workpack 33: YouTube i031 direct extraction closeout › restores the completed i031 review without viewport overflow
[255/1215] [desktop-chrome] › tests/e2e/slice-17c-settings.spec.ts:631:7 › SETTINGS screen › MYPAGE environment settings opens in the right surface
[256/1215] [desktop-chrome] › tests/e2e/slice-34c-growth-notification.spec.ts:508:7 › 34c growth notification UI @smoke-core › opens the notification archive from the profile while excluding silent rows
[257/1215] [desktop-chrome] › tests/e2e/slice-17a-mypage.spec.ts:754:7 › MYPAGE screen › deletes a custom recipe book via context menu
[258/1215] [desktop-chrome] › tests/e2e/slice-34c-growth-notification.spec.ts:526:7 › 34c growth notification UI @smoke-core › renders exact shopping multi-meal guidance copy
[259/1215] [desktop-chrome] › tests/e2e/slice-34d-mypage-growth-profile.spec.ts:293:7 › 34d MYPAGE growth profile assets @smoke-core › captures profile integration, badge shapes, locked hints, and soft-fail evidence
[260/1215] [desktop-chrome] › tests/e2e/slice-17c-settings.spec.ts:667:7 › SETTINGS planner column management › shows column list with default 3 columns
[261/1215] [desktop-chrome] › tests/e2e/slice-34c-growth-notification.spec.ts:539:7 › 34c growth notification UI @smoke-core › captures design authority evidence
[262/1215] [desktop-chrome] › tests/e2e/slice-33c-gamification.spec.ts:559:7 › 33c gamification frontend @smoke-core › covers loading, empty, and unauthorized state boundaries
[263/1215] [desktop-chrome] › tests/e2e/slice-17a-mypage.spec.ts:775:7 › MYPAGE screen › profile fallback shows initial when no image
[264/1215] [desktop-chrome] › tests/e2e/slice-17c-settings.spec.ts:683:7 › SETTINGS planner column management › adds a new column
[265/1215] [desktop-chrome] › tests/e2e/slice-17c-settings.spec.ts:712:7 › SETTINGS planner column management › renames a column
[266/1215] [desktop-chrome] › tests/e2e/slice-17a-mypage.spec.ts:785:7 › MYPAGE screen › tab bar has correct ARIA roles
[267/1215] [desktop-chrome] › tests/e2e/slice-17c-settings.spec.ts:732:7 › SETTINGS planner column management › deletes an empty column
[268/1215] [desktop-chrome] › tests/e2e/slice-34e-growth-profile-visual-polish.spec.ts:321:7 › 34e growth profile visual polish @smoke-core › captures integrated header, notification archive entry, grade marks, and soft-fail evidence
[269/1215] [desktop-chrome] › tests/e2e/slice-17c-settings.spec.ts:756:7 › SETTINGS planner column management › moves a column order and saves the new sort order
[270/1215] [desktop-chrome] › tests/e2e/slice-17a-mypage.spec.ts:801:7 › MYPAGE screen › no content overlaps bottom nav at scrollY=0
[271/1215] [desktop-chrome] › tests/e2e/slice-35c-mypage-achievement-album.spec.ts:402:7 › 35c MYPAGE achievement album UI @smoke-core › opens grade, achievement, and notification panels from the integrated profile
[272/1215] [desktop-chrome] › tests/e2e/slice-17c-settings.spec.ts:771:7 › SETTINGS planner column management › shows add limit message when 5 columns exist
[273/1215] [desktop-chrome] › tests/e2e/slice-17c-settings.spec.ts:796:7 › SETTINGS planner column management › disables delete button when only 1 column exists
[274/1215] [desktop-chrome] › tests/e2e/slice-36e-recipe-tags-frontend.spec.ts:102:5 › HOME tag chip uses the Korean exact tag key
[275/1215] [desktop-chrome] › tests/e2e/slice-17c-settings.spec.ts:809:7 › SETTINGS planner column management › shows error when column add returns COLUMN_LIMIT_REACHED
[276/1215] [desktop-chrome] › tests/e2e/slice-36e-recipe-tags-frontend.spec.ts:117:5 › HOME tag-backed theme uses the Korean exact tag key
[277/1215] [desktop-chrome] › tests/e2e/slice-17c-settings.spec.ts:825:7 › SETTINGS planner column management › shows error when column add returns COLUMN_NAME_DUPLICATE
[278/1215] [desktop-chrome] › tests/e2e/slice-account-session-generation-foundation.spec.ts:209:7 › account-session-generation-foundation quarantine › blocks normal MYPAGE content and preserves the return target
[279/1215] [desktop-chrome] › tests/e2e/slice-auth-provider-memory-linking.spec.ts:18:5 › recent provider dialog cancels without OAuth and restores focus
[280/1215] [desktop-chrome] › tests/e2e/slice-17c-settings.spec.ts:841:7 › SETTINGS planner column management › shows error when column delete returns COLUMN_HAS_MEALS
[281/1215] [desktop-chrome] › tests/e2e/slice-auth-provider-memory-linking.spec.ts:46:5 › captures deterministic recent-provider, safe-error, and linked-provider evidence
[282/1215] [desktop-chrome] › tests/e2e/slice-account-session-generation-foundation.spec.ts:225:7 › account-session-generation-foundation quarantine › keeps legacy and direct non-quarantine visits unexposed
[283/1215] [desktop-chrome] › tests/e2e/slice-17c-settings.spec.ts:861:7 › SETTINGS planner column management › shows error when column rename returns COLUMN_NAME_DUPLICATE
[284/1215] [desktop-chrome] › tests/e2e/slice-17c-settings.spec.ts:880:7 › SETTINGS planner column management › shows column loading skeleton
[285/1215] [desktop-chrome] › tests/e2e/slice-community-prepared-food-catalog.spec.ts:635:7 › community prepared food catalog Stage 4 › prepared-food-standard-basis-ux shows source filter and badges, keeps 100g/100mL defaults, and avoids legacy inference @smoke-core
[286/1215] [desktop-chrome] › tests/e2e/slice-community-prepared-food-catalog.spec.ts:678:7 › community prepared food catalog Stage 4 › shows public create notice, default 100g, syncs manual filter+query after create, and owner edit lock feedback
[287/1215] [desktop-chrome] › tests/e2e/slice-community-prepared-food-catalog.spec.ts:704:7 › community prepared food catalog Stage 4 › retries owner delete in the same confirm dialog
[288/1215] [desktop-chrome] › tests/e2e/slice-community-prepared-food-catalog.spec.ts:717:7 › community prepared food catalog Stage 4 › shows report only for eligible shared manual products and retries with the same reason/detail
[289/1215] [desktop-chrome] › tests/e2e/slice-17c-settings.spec.ts:902:7 › SETTINGS planner column management › shows column load error with retry
[290/1215] [desktop-chrome] › tests/e2e/slice-community-prepared-food-catalog.spec.ts:745:7 › community prepared food catalog Stage 4 › PATCH 401 keeps edit return context with product id/action and restores the same edit draft after login
[291/1215] [desktop-chrome] › tests/e2e/slice-auth-provider-memory-linking.spec.ts:80:5 › shows link outcomes and clears provider memory only after account deletion succeeds
[292/1215] [desktop-chrome] › tests/e2e/slice-community-prepared-food-catalog.spec.ts:786:7 › community prepared food catalog Stage 4 › maps duplicate and not-allowed report errors to official copy
[293/1215] [desktop-chrome] › tests/e2e/slice-community-prepared-food-catalog.spec.ts:802:7 › community prepared food catalog Stage 4 › shows account deletion preservation copy in settings
[294/1215] [desktop-chrome] › tests/e2e/slice-community-prepared-food-catalog.spec.ts:818:7 › community prepared food catalog Stage 4 › delete/report dialogs keep focus inside, expose aria labels, close on Escape, and return focus to the trigger
[295/1215] [desktop-chrome] › tests/e2e/slice-community-prepared-food-catalog.spec.ts:855:7 › community prepared food catalog Stage 4 › keeps 320/390/1280 surfaces overflow-safe and 44px targets, and captures new community evidence
[296/1215] [desktop-chrome] › tests/e2e/slice-cooked-batch-weight-ledger.spec.ts:269:7 › cooked-batch-weight-ledger › preserves exact identity and input on conflict, reuses the key, and consumes replay once
[297/1215] [desktop-chrome] › tests/e2e/slice-cooked-batch-weight-ui-evidence.spec.ts:250:5 › cooked-batch-weight-ui › captures the pre-Stage-4 COOK_MODE and LEFTOVERS state
[298/1215] [desktop-chrome] › tests/e2e/slice-account-session-generation-foundation.spec.ts:239:7 › account-session-generation-foundation quarantine › shows support-only auth-absent without mutation controls
[299/1215] [desktop-chrome] › tests/e2e/slice-17c-settings.spec.ts:912:7 › SETTINGS planner column management › column management is hidden for unauthenticated users
[300/1215] [desktop-chrome] › tests/e2e/slice-marketing-demand-validation.spec.ts:135:7 › marketing demand validation v2 /beta › Hero variants enter the same exact q1..q4 flow @smoke-core
[WebServer] (node:10608) Warning: The 'NO_COLOR' env is ignored due to the 'FORCE_COLOR' env being set.
[WebServer] (Use `node --trace-warnings ...` to show where the warning was created)

[301/1215] [desktop-chrome] › tests/e2e/slice-account-session-generation-foundation.spec.ts:254:7 › account-session-generation-foundation quarantine › keeps replay, maintenance, cleanup, and stale-session states fail-closed
[302/1215] [desktop-chrome] › tests/e2e/slice-cooked-batch-weight-ledger.spec.ts:322:7 › cooked-batch-weight-ledger › keeps an empty candidate list explicit and locks every path while pending
[303/1215] [desktop-chrome] › tests/e2e/slice-marketing-returning-session.spec.ts:9:5 › a completed visitor can reload and replay the entire funnel without reverse requests
[WebServer] (node:10741) Warning: The 'NO_COLOR' env is ignored due to the 'FORCE_COLOR' env being set.
[WebServer] (Use `node --trace-warnings ...` to show where the warning was created)

[304/1215] [desktop-chrome] › tests/e2e/slice-cooked-batch-weight-ledger.spec.ts:358:7 › cooked-batch-weight-ledger › keeps known-weight and weigh-later active CTA states above WCAG AA contrast
[WebServer] (node:10761) Warning: The 'NO_COLOR' env is ignored due to the 'FORCE_COLOR' env being set.
[WebServer] (Use `node --trace-warnings ...` to show where the warning was created)

[WebServer] (node:10772) Warning: The 'NO_COLOR' env is ignored due to the 'FORCE_COLOR' env being set.
[WebServer] (Use `node --trace-warnings ...` to show where the warning was created)

[305/1215] [desktop-chrome] › tests/e2e/slice-cooked-batch-weight-ledger.spec.ts:395:7 › cooked-batch-weight-ledger › keeps both footer CTA labels at 16px without clipping at 390px and 320px
[WebServer] (node:10791) Warning: The 'NO_COLOR' env is ignored due to the 'FORCE_COLOR' env being set.
[WebServer] (Use `node --trace-warnings ...` to show where the warning was created)

[306/1215] [desktop-chrome] › tests/e2e/slice-marketing-demand-validation.spec.ts:145:7 › marketing demand validation v2 /beta › result, five experiences, planners, product, beta and done remain in order
[307/1215] [desktop-chrome] › tests/e2e/slice-marketing-returning-session.spec.ts:36:5 › result back navigation returns to Q4 and can replay the result
[308/1215] [desktop-chrome] › tests/e2e/slice-cooked-batch-weight-ledger.spec.ts:470:7 › cooked-batch-weight-ledger › keeps a real 422 recovery state focused, linked, preserved, and above WCAG AA contrast
[309/1215] [desktop-chrome] › tests/e2e/slice-cooked-batch-weight-ui-evidence.spec.ts:274:5 › cooked-batch-weight-ui › captures and verifies the Stage-4 viewport, state, and accessibility matrix
[310/1215] [desktop-chrome] › tests/e2e/slice-marketing-returning-session.spec.ts:45:5 › a transient start failure recovers through the restart control
[WebServer] (node:10827) Warning: The 'NO_COLOR' env is ignored due to the 'FORCE_COLOR' env being set.
[WebServer] (Use `node --trace-warnings ...` to show where the warning was created)

[311/1215] [desktop-chrome] › tests/e2e/slice-marketing-demand-validation.spec.ts:162:7 › marketing demand validation v2 /beta › reduced motion presents final demo and planner values without count-up transitions
[312/1215] [desktop-chrome] › tests/e2e/slice-account-session-generation-foundation.spec.ts:277:7 › account-session-generation-foundation quarantine › activates once with exact body and returns to the original MYPAGE
[313/1215] [desktop-chrome] › tests/e2e/slice-cooked-batch-weight-ledger.spec.ts:494:7 › cooked-batch-weight-ledger › captures desktop, 390px, and 320px evidence with focus, target, overflow, and WCAG checks
[314/1215] [desktop-chrome] › tests/e2e/slice-marketing-returning-session.spec.ts:61:7 › Q3 pass reaches 집밥 패스형
[WebServer] (node:10958) Warning: The 'NO_COLOR' env is ignored due to the 'FORCE_COLOR' env being set.
[WebServer] (Use `node --trace-warnings ...` to show where the warning was created)

[315/1215] [desktop-chrome] › tests/e2e/slice-marketing-demand-validation.spec.ts:191:7 › marketing demand validation v2 /beta › known result is read-only and canonical share strips all other query data
[316/1215] [desktop-chrome] › tests/e2e/slice-marketing-returning-session.spec.ts:61:7 › Q3 eyeball reaches 눈대중 장인
[317/1215] [desktop-chrome] › tests/e2e/slice-meal-log-ui.spec.ts:162:7 › meal-log-ui Stage 4 › meal-log-ui date rail uses a single-selection keyboard radiogroup
[318/1215] [desktop-chrome] › tests/e2e/slice-marketing-demand-validation.spec.ts:201:7 › marketing demand validation v2 /beta › unknown result recovers to Hero a
[319/1215] [desktop-chrome] › tests/e2e/slice-account-session-generation-foundation.spec.ts:326:7 › account-session-generation-foundation quarantine › requires delete confirmation and keeps cleanup_pending incomplete
[320/1215] [desktop-chrome] › tests/e2e/slice-marketing-returning-session.spec.ts:61:7 › Q3 track reaches 성분 추적러
[321/1215] [desktop-chrome] › tests/e2e/slice-meal-log-ui.spec.ts:238:7 › meal-log-ui Stage 4 › meal-log-ui edit and delete dialogs preserve focus across every exit
[WebServer] (node:11005) Warning: The 'NO_COLOR' env is ignored due to the 'FORCE_COLOR' env being set.
[WebServer] (Use `node --trace-warnings ...` to show where the warning was created)

[322/1215] [desktop-chrome] › tests/e2e/slice-marketing-demand-validation.spec.ts:207:7 › marketing demand validation v2 /beta › 403/409/422/Turnstile/503 stay retryable without hiding prior value
[323/1215] [desktop-chrome] › tests/e2e/slice-marketing-returning-session.spec.ts:61:7 › Q3 measure reaches 프로 계량러
[324/1215] [desktop-chrome] › tests/e2e/slice-account-session-generation-foundation.spec.ts:360:7 › account-session-generation-foundation quarantine › captures responsive and state authority evidence
[325/1215] [desktop-chrome] › tests/e2e/slice-personal-recipe-customization-write-core.spec.ts:429:7 › personal-recipe-customization-write-core › keeps same recipe id on owner save and reloads the updated detail destination
[326/1215] [desktop-chrome] › tests/e2e/slice-meal-log-ui.spec.ts:312:7 › meal-log-ui Stage 4 › meal-log-ui captures the contracted viewport and state matrix
[WebServer] (node:11039) Warning: The 'NO_COLOR' env is ignored due to the 'FORCE_COLOR' env being set.
[WebServer] (Use `node --trace-warnings ...` to show where the warning was created)

[327/1215] [desktop-chrome] › tests/e2e/slice-personal-recipe-customization-write-core.spec.ts:529:7 › personal-recipe-customization-write-core › creates a new private recipe from authenticated public fork and keeps the public source unchanged
[WebServer] (node:11061) Warning: The 'NO_COLOR' env is ignored due to the 'FORCE_COLOR' env being set.
[WebServer] (Use `node --trace-warnings ...` to show where the warning was created)

[WebServer] (node:11071) Warning: The 'NO_COLOR' env is ignored due to the 'FORCE_COLOR' env being set.
[WebServer] (Use `node --trace-warnings ...` to show where the warning was created)

[WebServer] (node:11171) Warning: The 'NO_COLOR' env is ignored due to the 'FORCE_COLOR' env being set.
[WebServer] (Use `node --trace-warnings ...` to show where the warning was created)

[328/1215] [desktop-chrome] › tests/e2e/slice-personal-recipe-customization-write-core.spec.ts:644:7 › personal-recipe-customization-write-core › keeps same-id owner save and explicit save-as-new as separate destinations
[WebServer] (node:11205) Warning: The 'NO_COLOR' env is ignored due to the 'FORCE_COLOR' env being set.
[WebServer] (Use `node --trace-warnings ...` to show where the warning was created)

[329/1215] [desktop-chrome] › tests/e2e/slice-personal-recipe-editor-decoupling.spec.ts:226:7 › personal-recipe-editor-decoupling local fixtures › personal-recipe-editor-decoupling keeps RECIPE_DETAIL capability-off without disturbing primary actions
[330/1215] [desktop-chrome] › tests/e2e/slice-personal-recipe-editor-decoupling.spec.ts:255:7 › personal-recipe-editor-decoupling local fixtures › personal-recipe-editor-decoupling keeps planner-add shared controls touch-safe and guards dirty in-app back
[331/1215] [desktop-chrome] › tests/e2e/slice-personal-recipe-editor-decoupling.spec.ts:338:7 › personal-recipe-editor-decoupling local fixtures › personal-recipe-editor-decoupling cancels a managed owner upload through the mocked server endpoint
[332/1215] [desktop-chrome] › tests/e2e/slice-personal-recipe-editor-decoupling.spec.ts:366:7 › personal-recipe-editor-decoupling local fixtures › personal-recipe-editor-decoupling shows a recoverable managed upload error
[333/1215] [desktop-chrome] › tests/e2e/slice-personal-recipe-editor-decoupling.spec.ts:391:7 › personal-recipe-editor-decoupling local fixtures › personal-recipe-editor-decoupling keeps cleanup failure visible and retryable
[334/1215] [desktop-chrome] › tests/e2e/slice-personal-recipe-editor-decoupling.spec.ts:435:7 › personal-recipe-editor-decoupling local fixtures › personal-recipe-editor-decoupling leaves MYPAGE and RECIPEBOOK_DETAIL read-only while preserving detail links
[335/1215] [desktop-chrome] › tests/e2e/slice-planner-shell.spec.ts:227:7 › planner-shell Stage 4 › planner-shell preserves segment/date history and the weekly plan @smoke-core
[336/1215] [desktop-chrome] › tests/e2e/slice-marketing-demand-validation.spec.ts:224:7 › marketing demand validation v2 /beta › only the result screen scrolls while planner CTA floats over a clipped tomorrow preview
[WebServer] (node:11262) Warning: The 'NO_COLOR' env is ignored due to the 'FORCE_COLOR' env being set.
[WebServer] (Use `node --trace-warnings ...` to show where the warning was created)

[337/1215] [desktop-chrome] › tests/e2e/slice-personal-recipe-customization-write-core.spec.ts:796:7 › personal-recipe-customization-write-core › deletes an owner recipe through confirm dialog with stable retry key and safe error copy
[WebServer] (node:11286) Warning: The 'NO_COLOR' env is ignored due to the 'FORCE_COLOR' env being set.
[WebServer] (Use `node --trace-warnings ...` to show where the warning was created)

[338/1215] [desktop-chrome] › tests/e2e/slice-personal-recipe-customization-write-core.spec.ts:919:9 › personal-recipe-customization-write-core › reopens delete confirmation after simulated login return for 401 unauthorized without duplicate deletion
[WebServer] (node:11303) Warning: The 'NO_COLOR' env is ignored due to the 'FORCE_COLOR' env being set.
[WebServer] (Use `node --trace-warnings ...` to show where the warning was created)

[339/1215] [desktop-chrome] › tests/e2e/slice-planner-shell.spec.ts:263:7 › planner-shell Stage 4 › legacy-product-compat guest keeps the requested segment/date in the preview @smoke-core
[340/1215] [desktop-chrome] › tests/e2e/slice-personal-recipe-customization-write-core.spec.ts:919:9 › personal-recipe-customization-write-core › reopens delete confirmation after simulated login return for 409 stale session without duplicate deletion
[341/1215] [desktop-chrome] › tests/e2e/slice-planner-shell.spec.ts:281:7 › planner-shell Stage 4 › planner-shell reloads the originating week on browser Back without duplicating history @smoke-core
[WebServer] (node:11321) Warning: The 'NO_COLOR' env is ignored due to the 'FORCE_COLOR' env being set.
[WebServer] (Use `node --trace-warnings ...` to show where the warning was created)

[342/1215] [desktop-chrome] › tests/e2e/slice-personal-recipe-customization-write-core.spec.ts:983:7 › personal-recipe-customization-write-core › hides a soft-deleted recipe from new detail access while pinned readers stay readable
[WebServer] (node:11338) Warning: The 'NO_COLOR' env is ignored due to the 'FORCE_COLOR' env being set.
[WebServer] (Use `node --trace-warnings ...` to show where the warning was created)

[343/1215] [desktop-chrome] › tests/e2e/slice-planner-shell.spec.ts:336:7 › planner-shell Stage 4 › planner-shell keeps legacy product plans read/detail/delete-only with focus restore
[WebServer] (node:11469) Warning: The 'NO_COLOR' env is ignored due to the 'FORCE_COLOR' env being set.
[WebServer] (Use `node --trace-warnings ...` to show where the warning was created)

[344/1215] [desktop-chrome] › tests/e2e/slice-planner-shell.spec.ts:368:7 › planner-shell Stage 4 › legacy-product-compat traps nested focus and restores it at 390px, 320px, and desktop
[345/1215] [desktop-chrome] › tests/e2e/slice-marketing-demand-validation.spec.ts:307:7 › marketing demand validation v2 /beta › mobile demo pages lock document scroll and keep the bottom action stationary
[346/1215] [desktop-chrome] › tests/e2e/slice-personal-recipe-customization-write-core.spec.ts:1036:7 › personal-recipe-customization-write-core › keeps shopping and meal-log readers readable while new shopping preview omits the deleted recipe
[347/1215] [desktop-chrome] › tests/e2e/slice-prepared-food-planner-entry.spec.ts:456:7 › prepared-food-planner-entry › GET product catalog 401 preserves picker context and returns through login
[348/1215] [desktop-chrome] › tests/e2e/slice-planner-shell.spec.ts:412:7 › planner-shell Stage 4 › legacy-product-compat blocks duplicate delete while pending
[349/1215] [desktop-chrome] › tests/e2e/slice-personal-recipe-customization-write-core.spec.ts:1080:7 › personal-recipe-customization-write-core › keeps capability-off detail write controls absent while snapshot-v2 read drain stays available
[350/1215] [desktop-chrome] › tests/e2e/slice-product-ingredient-link-foundation.spec.ts:191:7 › product-ingredient-link-foundation existing PANTRY consumer › product-ingredient-link-foundation desktop evidence
[351/1215] [desktop-chrome] › tests/e2e/slice-planner-shell.spec.ts:436:7 › planner-shell Stage 4 › legacy-product-compat keeps pinned row and detail after delete error
[WebServer] (node:11539) Warning: The 'NO_COLOR' env is ignored due to the 'FORCE_COLOR' env being set.
[WebServer] (Use `node --trace-warnings ...` to show where the warning was created)

[352/1215] [desktop-chrome] › tests/e2e/slice-prepared-food-planner-entry.spec.ts:479:7 › prepared-food-planner-entry › MENU_ADD에서 완제품을 추가하고 pinned 영양 수량을 수정·삭제한다
[353/1215] [desktop-chrome] › tests/e2e/slice-planner-shell.spec.ts:464:7 › planner-shell Stage 4 › legacy-product-compat preserves planner loading before the read-only row
[354/1215] [desktop-chrome] › tests/e2e/slice-product-ingredient-link-foundation.spec.ts:205:7 › product-ingredient-link-foundation existing PANTRY consumer › product-ingredient-link-foundation 390px evidence
[WebServer] (node:11670) Warning: The 'NO_COLOR' env is ignored due to the 'FORCE_COLOR' env being set.
[WebServer] (Use `node --trace-warnings ...` to show where the warning was created)

[355/1215] [desktop-chrome] › tests/e2e/slice-product-ingredient-link-foundation.spec.ts:219:7 › product-ingredient-link-foundation existing PANTRY consumer › product-ingredient-link-foundation 320px evidence
[356/1215] [desktop-chrome] › tests/e2e/slice-recipe-content-snapshot-future-propagation.spec.ts:57:7 › recipe-content-snapshot-future-propagation › captures impact dialog at 390px and 320px
[357/1215] [desktop-chrome] › tests/e2e/slice-recipe-nutrition-calculation.spec.ts:35:7 › recipe-nutrition-calculation › canonical QA recipe API returns the missing snapshot soft state without an alias
[358/1215] [desktop-chrome] › tests/e2e/slice-planner-shell.spec.ts:477:7 › planner-shell Stage 4 › legacy-product-compat preserves the planner empty state
[359/1215] [desktop-chrome] › tests/e2e/slice-recipe-nutrition-calculation.spec.ts:52:7 › recipe-nutrition-calculation › small iOS viewport keeps the nutrition card and primary CTA usable
[WebServer] (node:11691) Warning: The 'NO_COLOR' env is ignored due to the 'FORCE_COLOR' env being set.
[WebServer] (Use `node --trace-warnings ...` to show where the warning was created)

[360/1215] [desktop-chrome] › tests/e2e/slice-recipe-nutrition-calculation.spec.ts:70:7 › recipe-nutrition-calculation › cook mode keeps its existing flow without serving controls
[361/1215] [desktop-chrome] › tests/e2e/slice-recipe-nutrition-calculation.spec.ts:93:7 › recipe-nutrition-calculation › 390px and 320px show complete selected-serving nutrition without overflow
[WebServer] (node:11696) Warning: The 'NO_COLOR' env is ignored due to the 'FORCE_COLOR' env being set.
[WebServer] (Use `node --trace-warnings ...` to show where the warning was created)

[362/1215] [desktop-chrome] › tests/e2e/slice-recipe-nutrition-calculation.spec.ts:188:7 › recipe-nutrition-calculation › 390px guest returns from login to the pending planner action
[363/1215] [desktop-chrome] › tests/e2e/slice-recipe-nutrition-calculation.spec.ts:246:7 › recipe-nutrition-calculation › partial nutrition keeps minimum copy and the locked fixed-vector formula
[364/1215] [desktop-chrome] › tests/e2e/slice-recipe-nutrition-calculation.spec.ts:275:7 › recipe-nutrition-calculation › 320px missing state is read-only, zero-free, and keeps the primary CTA
[365/1215] [desktop-chrome] › tests/e2e/slice-recipe-content-snapshot-future-propagation.spec.ts:84:7 › recipe-content-snapshot-future-propagation › isolates the owner editor focus and background at 390px and 320px
[366/1215] [desktop-chrome] › tests/e2e/slice-recipe-nutrition-calculation.spec.ts:299:7 › recipe-nutrition-calculation › normal unavailable snapshot stays read-only without retry
[367/1215] [desktop-chrome] › tests/e2e/slice-recipe-nutrition-calculation.spec.ts:322:7 › recipe-nutrition-calculation › desktop temporary failure retries only nutrition and preserves body and CTA
[WebServer] (node:11719) Warning: The 'NO_COLOR' env is ignored due to the 'FORCE_COLOR' env being set.
[WebServer] (Use `node --trace-warnings ...` to show where the warning was created)

[368/1215] [desktop-chrome] › tests/e2e/slice-planner-shell.spec.ts:487:7 › planner-shell Stage 4 › legacy-product-compat preserves the planner load error and retry action
[369/1215] [desktop-chrome] › tests/e2e/slice-prepared-food-planner-entry.spec.ts:507:7 › prepared-food-planner-entry › DELETE 401 뒤 로그인 복귀에서 삭제 확인을 복원하고 같은 계획만 삭제한다
[WebServer] (node:11736) Warning: The 'NO_COLOR' env is ignored due to the 'FORCE_COLOR' env being set.
[WebServer] (Use `node --trace-warnings ...` to show where the warning was created)

[370/1215] [desktop-chrome] › tests/e2e/slice-recipe-snapshot-authority-foundation.spec.ts:122:5 › recipe-snapshot-authority-foundation renders server-projected pinned history without snapshot metadata
[WebServer] (node:11746) Warning: The 'NO_COLOR' env is ignored due to the 'FORCE_COLOR' env being set.
[WebServer] (Use `node --trace-warnings ...` to show where the warning was created)

[371/1215] [desktop-chrome] › tests/e2e/slice-planner-shell.spec.ts:500:7 › planner-shell Stage 4 › planner-shell keeps 320px targets, 200% text, and bottom actions usable
[WebServer] (node:11760) Warning: The 'NO_COLOR' env is ignored due to the 'FORCE_COLOR' env being set.
[WebServer] (Use `node --trace-warnings ...` to show where the warning was created)

[372/1215] [desktop-chrome] › tests/e2e/slice-recipe-content-snapshot-future-propagation.spec.ts:127:7 › recipe-content-snapshot-future-propagation › keeps stale saves open and moves focus to the exact recheck action
[WebServer] (node:11770) Warning: The 'NO_COLOR' env is ignored due to the 'FORCE_COLOR' env being set.
[WebServer] (Use `node --trace-warnings ...` to show where the warning was created)

[373/1215] [desktop-chrome] › tests/e2e/slice-prepared-food-planner-entry.spec.ts:536:7 › prepared-food-planner-entry › DELETE 500 뒤 대화상자와 카드를 유지하고 같은 버튼으로 재시도한다
[WebServer] (node:11783) Warning: The 'NO_COLOR' env is ignored due to the 'FORCE_COLOR' env being set.
[WebServer] (Use `node --trace-warnings ...` to show where the warning was created)

[WebServer] (node:11785) Warning: The 'NO_COLOR' env is ignored due to the 'FORCE_COLOR' env being set.
[WebServer] (Use `node --trace-warnings ...` to show where the warning was created)

[374/1215] [desktop-chrome] › tests/e2e/slice-recipe-content-snapshot-future-propagation.spec.ts:144:7 › recipe-content-snapshot-future-propagation › routes an expired impact preview to login while keeping the edited draft
[WebServer] (node:11902) Warning: The 'NO_COLOR' env is ignored due to the 'FORCE_COLOR' env being set.
[WebServer] (Use `node --trace-warnings ...` to show where the warning was created)

[375/1215] [desktop-chrome] › tests/e2e/slice-prepared-food-planner-entry.spec.ts:555:7 › prepared-food-planner-entry › PATCH 401 gate가 safe edit context와 data-next-path를 보존하고 같은 편집을 복원한다
[376/1215] [desktop-chrome] › tests/e2e/slice-wave1-port-discovery-detail.spec.ts:41:7 › wave1 port discovery detail › HOME uses inline SortDropdown instead of bottom sheet
[WebServer] (node:11914) Warning: The 'NO_COLOR' env is ignored due to the 'FORCE_COLOR' env being set.
[WebServer] (Use `node --trace-warnings ...` to show where the warning was created)

[377/1215] [desktop-chrome] › tests/e2e/slice-recipe-content-snapshot-future-propagation.spec.ts:180:7 › recipe-content-snapshot-future-propagation › captures planner pending before navigation without a shell redesign
[378/1215] [desktop-chrome] › tests/e2e/slice-planner-shell.spec.ts:597:7 › planner-shell Stage 4 › planner-shell cold Sunday deep link scrolls the 320px date rail to the selected date
[WebServer] (node:11944) Warning: The 'NO_COLOR' env is ignored due to the 'FORCE_COLOR' env being set.
[WebServer] (Use `node --trace-warnings ...` to show where the warning was created)

[379/1215] [desktop-chrome] › tests/e2e/slice-wave1-port-discovery-detail.spec.ts:69:7 › wave1 port discovery detail › HOME filter controls match app and desktop layouts
[WebServer] (node:11964) Warning: The 'NO_COLOR' env is ignored due to the 'FORCE_COLOR' env being set.
[WebServer] (Use `node --trace-warnings ...` to show where the warning was created)

[380/1215] [desktop-chrome] › tests/e2e/slice-wave1-port-foundation.spec.ts:10:7 › wave1 port foundation › shared home primitives do not create page-level horizontal overflow
[WebServer] (node:11968) Warning: The 'NO_COLOR' env is ignored due to the 'FORCE_COLOR' env being set.
[WebServer] (Use `node --trace-warnings ...` to show where the warning was created)

[381/1215] [desktop-chrome] › tests/e2e/slice-wave1-port-discovery-detail.spec.ts:105:7 › wave1 port discovery detail › HOME header does not contain profile or cart icons
[WebServer] (node:12001) Warning: The 'NO_COLOR' env is ignored due to the 'FORCE_COLOR' env being set.
[WebServer] (Use `node --trace-warnings ...` to show where the warning was created)

[WebServer] (node:12006) Warning: The 'NO_COLOR' env is ignored due to the 'FORCE_COLOR' env being set.
[WebServer] (Use `node --trace-warnings ...` to show where the warning was created)

[382/1215] [desktop-chrome] › tests/e2e/slice-recipe-content-snapshot-future-propagation.spec.ts:204:7 › recipe-content-snapshot-future-propagation › keeps the narrow planner CTA reachable and shows start errors in place
(node:12014) Warning: The 'NO_COLOR' env is ignored due to the 'FORCE_COLOR' env being set.
(Use `node --trace-warnings ...` to show where the warning was created)


[383/1215] [desktop-chrome] › tests/e2e/slice-wave1-port-discovery-detail.spec.ts:133:7 › wave1 port discovery detail › RECIPE_DETAIL shows hero action metrics and sticky bottom CTA
[WebServer] (node:12018) Warning: The 'NO_COLOR' env is ignored due to the 'FORCE_COLOR' env being set.
[WebServer] (Use `node --trace-warnings ...` to show where the warning was created)

(node:12014) Warning: The 'NO_COLOR' env is ignored due to the 'FORCE_COLOR' env being set.
(Use `node --trace-warnings ...` to show where the warning was created)


[384/1215] [desktop-chrome] › tests/e2e/slice-recipe-content-snapshot-future-propagation.spec.ts:217:7 › recipe-content-snapshot-future-propagation › reads snapshot_v2 through its isolated route
[WebServer] (node:12094) Warning: The 'NO_COLOR' env is ignored due to the 'FORCE_COLOR' env being set.
[WebServer] (Use `node --trace-warnings ...` to show where the warning was created)

[385/1215] [mobile-chrome] › tests/e2e/slice-01-basic.spec.ts:21:7 › Slice 01 basic flow › HOME shows list, supports search, and updates sort state @smoke-core
[WebServer] (node:12150) Warning: The 'NO_COLOR' env is ignored due to the 'FORCE_COLOR' env being set.
[WebServer] (Use `node --trace-warnings ...` to show where the warning was created)

[386/1215] [desktop-chrome] › tests/e2e/slice-prepared-food-planner-entry.spec.ts:614:7 › prepared-food-planner-entry › auth-restored product edit header close clears return context and stays closed after reload
[387/1215] [desktop-chrome] › tests/e2e/slice-wave1-port-discovery-detail.spec.ts:158:7 › wave1 port discovery detail › RECIPE_DETAIL planner add sheet opens from sticky CTA
[WebServer] (node:12161) Warning: The 'NO_COLOR' env is ignored due to the 'FORCE_COLOR' env being set.
[WebServer] (Use `node --trace-warnings ...` to show where the warning was created)

[388/1215] [desktop-chrome] › tests/e2e/slice-recipe-content-snapshot-future-propagation.spec.ts:228:7 › recipe-content-snapshot-future-propagation › distinguishes a successful snapshot-v2 dispatch from legacy cook mode
[WebServer] (node:12174) Warning: The 'NO_COLOR' env is ignored due to the 'FORCE_COLOR' env being set.
[WebServer] (Use `node --trace-warnings ...` to show where the warning was created)

[WebServer] (node:12183) Warning: The 'NO_COLOR' env is ignored due to the 'FORCE_COLOR' env being set.
[WebServer] (Use `node --trace-warnings ...` to show where the warning was created)

[WebServer] (node:12190) Warning: The 'NO_COLOR' env is ignored due to the 'FORCE_COLOR' env being set.
[WebServer] (Use `node --trace-warnings ...` to show where the warning was created)

[389/1215] [desktop-chrome] › tests/e2e/slice-wave1-port-discovery-detail.spec.ts:192:7 › wave1 port discovery detail › login page shows Kakao, Naver, and Google providers
[WebServer] (node:12201) Warning: The 'NO_COLOR' env is ignored due to the 'FORCE_COLOR' env being set.
[WebServer] (Use `node --trace-warnings ...` to show where the warning was created)

[390/1215] [desktop-chrome] › tests/e2e/slice-recipe-content-snapshot-future-propagation.spec.ts:237:7 › recipe-content-snapshot-future-propagation › retries snapshot-v2 read errors without leaving the immutable reader
[391/1215] [mobile-chrome] › tests/e2e/slice-01-basic.spec.ts:87:7 › Slice 01 basic flow › Recipe detail route shows key sections @smoke-core
[WebServer] (node:12219) Warning: The 'NO_COLOR' env is ignored due to the 'FORCE_COLOR' env being set.
[WebServer] (Use `node --trace-warnings ...` to show where the warning was created)

[WebServer] (node:12223) Warning: The 'NO_COLOR' env is ignored due to the 'FORCE_COLOR' env being set.
[WebServer] (Use `node --trace-warnings ...` to show where the warning was created)

[WebServer] (node:12225) Warning: The 'NO_COLOR' env is ignored due to the 'FORCE_COLOR' env being set.
[WebServer] (Use `node --trace-warnings ...` to show where the warning was created)

[392/1215] [desktop-chrome] › tests/e2e/slice-recipe-content-snapshot-future-propagation.spec.ts:268:7 › recipe-content-snapshot-future-propagation › offers safe previous and login return actions for unauthorized snapshot reads
(node:12228) Warning: The 'NO_COLOR' env is ignored due to the 'FORCE_COLOR' env being set.
(Use `node --trace-warnings ...` to show where the warning was created)


[393/1215] [mobile-chrome] › tests/e2e/slice-01-basic.spec.ts:163:7 › Slice 01 basic flow › Not found page accepts inline feedback without blocking recovery links @smoke-core
[WebServer] (node:12241) Warning: The 'NO_COLOR' env is ignored due to the 'FORCE_COLOR' env being set.
[WebServer] (Use `node --trace-warnings ...` to show where the warning was created)

(node:12228) Warning: The 'NO_COLOR' env is ignored due to the 'FORCE_COLOR' env being set.
(Use `node --trace-warnings ...` to show where the warning was created)


[394/1215] [mobile-chrome] › tests/e2e/slice-02-discovery-filter.spec.ts:132:7 › Slice 02 discovery filter flow › applies ingredient filters, preserves selection on reopen, and resets on hard refresh
[395/1215] [desktop-chrome] › tests/e2e/slice-prepared-food-planner-entry.spec.ts:649:7 › prepared-food-planner-entry › product quantity PATCH disables confirmation and ignores repeated in-flight clicks
[396/1215] [mobile-chrome] › tests/e2e/slice-01-basic.spec.ts:211:7 › Slice 01 basic flow › small iOS viewport keeps detail actions above the fold with touch-friendly targets
[397/1215] [mobile-chrome] › tests/e2e/slice-01-basic.spec.ts:235:7 › Slice 01 basic flow › Protected action opens login gate and modal can close with button, ESC, and backdrop @smoke-core
[WebServer] (node:12278) Warning: The 'NO_COLOR' env is ignored due to the 'FORCE_COLOR' env being set.
[WebServer] (Use `node --trace-warnings ...` to show where the warning was created)

[WebServer] (node:12282) Warning: The 'NO_COLOR' env is ignored due to the 'FORCE_COLOR' env being set.
[WebServer] (Use `node --trace-warnings ...` to show where the warning was created)

[398/1215] [desktop-chrome] › tests/e2e/slice-prepared-food-planner-entry.spec.ts:692:7 › prepared-food-planner-entry › pinned v1 entry는 100mL로 환산된 catalog v2와 무관하게 v1 relation과 영양 snapshot으로 수정된다
[WebServer] (node:12396) Warning: The 'NO_COLOR' env is ignored due to the 'FORCE_COLOR' env being set.
[WebServer] (Use `node --trace-warnings ...` to show where the warning was created)

[399/1215] [mobile-chrome] › tests/e2e/slice-01-basic.spec.ts:261:7 › Slice 01 basic flow › Recipe detail shows callback failure feedback
[WebServer] (node:12414) Warning: The 'NO_COLOR' env is ignored due to the 'FORCE_COLOR' env being set.
[WebServer] (Use `node --trace-warnings ...` to show where the warning was created)

[400/1215] [mobile-chrome] › tests/e2e/slice-02-discovery-filter.spec.ts:166:7 › Slice 02 discovery filter flow › shows the empty state for unmatched ingredients and clears the filter on demand
[WebServer] (node:12422) Warning: The 'NO_COLOR' env is ignored due to the 'FORCE_COLOR' env being set.
[WebServer] (Use `node --trace-warnings ...` to show where the warning was created)

(node:12424) Warning: The 'NO_COLOR' env is ignored due to the 'FORCE_COLOR' env being set.
(Use `node --trace-warnings ...` to show where the warning was created)


[401/1215] [mobile-chrome] › tests/e2e/slice-04-recipe-save.spec.ts:244:7 › Slice 04 recipe save flow › logged-in user can save from a HOME recipe card
[WebServer] (node:12428) Warning: The 'NO_COLOR' env is ignored due to the 'FORCE_COLOR' env being set.
[WebServer] (Use `node --trace-warnings ...` to show where the warning was created)

(node:12424) Warning: The 'NO_COLOR' env is ignored due to the 'FORCE_COLOR' env being set.
(Use `node --trace-warnings ...` to show where the warning was created)


[402/1215] [desktop-chrome] › tests/e2e/slice-prepared-food-planner-entry.spec.ts:723:7 › prepared-food-planner-entry › prepared-food-standard-basis-ux keeps serving decimal input and switches direct g relation to one-gram steps
[403/1215] [mobile-chrome] › tests/e2e/slice-03-recipe-like.spec.ts:136:7 › Slice 03 recipe like flow › logged-in user can like a recipe and sees pending while the request is in flight
[404/1215] [mobile-chrome] › tests/e2e/slice-02-discovery-filter.spec.ts:201:7 › Slice 02 discovery filter flow › keeps apply disabled when ingredient search has no results and no selection
[405/1215] [mobile-chrome] › tests/e2e/slice-04-recipe-save.spec.ts:310:7 › Slice 04 recipe save flow › logged-in user can save to an existing recipe book
[WebServer] (node:12474) Warning: The 'NO_COLOR' env is ignored due to the 'FORCE_COLOR' env being set.
[WebServer] (Use `node --trace-warnings ...` to show where the warning was created)

[406/1215] [desktop-chrome] › tests/e2e/slice-prepared-food-planner-entry.spec.ts:742:7 › prepared-food-planner-entry › PATCH basis mismatch는 공식 안내를 보여 주고 수량 편집 단계에 머문다
[407/1215] [mobile-chrome] › tests/e2e/slice-02-discovery-filter.spec.ts:217:7 › Slice 02 discovery filter flow › keeps footer actions readable on small mobile viewports
[WebServer] (node:12496) Warning: The 'NO_COLOR' env is ignored due to the 'FORCE_COLOR' env being set.
[WebServer] (Use `node --trace-warnings ...` to show where the warning was created)

[WebServer] (node:12526) Warning: The 'NO_COLOR' env is ignored due to the 'FORCE_COLOR' env being set.
[WebServer] (Use `node --trace-warnings ...` to show where the warning was created)

[408/1215] [mobile-chrome] › tests/e2e/slice-03-recipe-like.spec.ts:159:7 › Slice 03 recipe like flow › logged-in user can unlike a recipe and sees the count decrease
[WebServer] (node:12577) Warning: The 'NO_COLOR' env is ignored due to the 'FORCE_COLOR' env being set.
[WebServer] (Use `node --trace-warnings ...` to show where the warning was created)

[409/1215] [mobile-chrome] › tests/e2e/slice-04-recipe-save.spec.ts:340:7 › Slice 04 recipe save flow › logged-in user can quick-create a custom book and save
[410/1215] [mobile-chrome] › tests/e2e/slice-06-recipe-to-planner.spec.ts:170:7 › Slice 06 recipe-to-planner › authenticated user can add recipe to planner and see it in PLANNER_WEEK @smoke-core
[411/1215] [desktop-chrome] › tests/e2e/slice-prepared-food-planner-entry.spec.ts:755:7 › prepared-food-planner-entry › opaque cursor를 이어 붙이고 basis mismatch에서 선택·수량 단계에 머문다
[WebServer] (node:12651) Warning: The 'NO_COLOR' env is ignored due to the 'FORCE_COLOR' env being set.
[WebServer] (Use `node --trace-warnings ...` to show where the warning was created)

[WebServer] (node:12692) Warning: The 'NO_COLOR' env is ignored due to the 'FORCE_COLOR' env being set.
[WebServer] (Use `node --trace-warnings ...` to show where the warning was created)

[412/1215] [mobile-chrome] › tests/e2e/slice-03-recipe-like.spec.ts:177:7 › Slice 03 recipe like flow › guest user can return to recipe detail after login and the like action replays once
[WebServer] (node:12704) Warning: The 'NO_COLOR' env is ignored due to the 'FORCE_COLOR' env being set.
[WebServer] (Use `node --trace-warnings ...` to show where the warning was created)

[413/1215] [mobile-chrome] › tests/e2e/slice-04-recipe-save.spec.ts:372:7 › Slice 04 recipe save flow › guest user sees login gate and save modal reopens after return-to-action
[414/1215] [desktop-chrome] › tests/e2e/slice-prepared-food-planner-entry.spec.ts:770:7 › prepared-food-planner-entry › 검색 결과가 없으면 shared manual 완제품을 등록하고 선택된 수량 단계로 돌아온다
[WebServer] (node:12721) Warning: The 'NO_COLOR' env is ignored due to the 'FORCE_COLOR' env being set.
[WebServer] (Use `node --trace-warnings ...` to show where the warning was created)

[415/1215] [mobile-chrome] › tests/e2e/slice-06-recipe-to-planner.spec.ts:241:7 › Slice 06 recipe-to-planner › guest tapping 플래너에 추가 opens the login gate
[416/1215] [desktop-chrome] › tests/e2e/slice-prepared-food-planner-entry.spec.ts:787:7 › prepared-food-planner-entry › prepared-food-search-relevance: 느린 이전 검색은 무시하고 complete zero·partial·unavailable copy를 보존한다
[WebServer] (node:12740) Warning: The 'NO_COLOR' env is ignored due to the 'FORCE_COLOR' env being set.
[WebServer] (Use `node --trace-warnings ...` to show where the warning was created)

[417/1215] [mobile-chrome] › tests/e2e/slice-03-recipe-like.spec.ts:228:7 › Slice 03 recipe like flow › request failure shows toast feedback and restores the previous like state
[WebServer] (node:12749) Warning: The 'NO_COLOR' env is ignored due to the 'FORCE_COLOR' env being set.
[WebServer] (Use `node --trace-warnings ...` to show where the warning was created)

[418/1215] [mobile-chrome] › tests/e2e/slice-04-recipe-save.spec.ts:421:7 › Slice 04 recipe save flow › small iOS viewport keeps title and save CTA above the fold
[419/1215] [mobile-chrome] › tests/e2e/slice-07-meal-manage.spec.ts:143:7 › Slice 07 meal manage — MEAL_SCREEN › guest sees login gate with return-to-action path
[420/1215] [mobile-chrome] › tests/e2e/slice-06-recipe-to-planner.spec.ts:258:7 › Slice 06 recipe-to-planner › sheet shows loading skeleton while planner columns are fetching
[WebServer] (node:12778) Warning: The 'NO_COLOR' env is ignored due to the 'FORCE_COLOR' env being set.
[WebServer] (Use `node --trace-warnings ...` to show where the warning was created)

[WebServer] (node:12782) Warning: The 'NO_COLOR' env is ignored due to the 'FORCE_COLOR' env being set.
[WebServer] (Use `node --trace-warnings ...` to show where the warning was created)

[WebServer] (node:12784) Warning: The 'NO_COLOR' env is ignored due to the 'FORCE_COLOR' env being set.
[WebServer] (Use `node --trace-warnings ...` to show where the warning was created)

[421/1215] [mobile-chrome] › tests/e2e/slice-08a-meal-add-search.spec.ts:177:7 › Slice 08a meal add search — MENU_ADD + RECIPE_SEARCH_PICKER › redirects to /login when unauthorized
[WebServer] (node:12879) Warning: The 'NO_COLOR' env is ignored due to the 'FORCE_COLOR' env being set.
[WebServer] (Use `node --trace-warnings ...` to show where the warning was created)

[422/1215] [mobile-chrome] › tests/e2e/slice-06-recipe-to-planner.spec.ts:291:7 › Slice 06 recipe-to-planner › shows error inside sheet when meal creation fails
[423/1215] [mobile-chrome] › tests/e2e/slice-07-meal-manage.spec.ts:154:7 › Slice 07 meal manage — MEAL_SCREEN › shows a meal-shaped skeleton while the slot meals are loading
[424/1215] [desktop-chrome] › tests/e2e/slice-prepared-food-planner-entry.spec.ts:851:7 › prepared-food-planner-entry › picker, create, product card 화면 전체가 semantic axe 검사를 통과한다
[WebServer] (node:12911) Warning: The 'NO_COLOR' env is ignored due to the 'FORCE_COLOR' env being set.
[WebServer] (Use `node --trace-warnings ...` to show where the warning was created)

[425/1215] [mobile-chrome] › tests/e2e/slice-08a-meal-add-search.spec.ts:189:7 › Slice 08a meal add search — MENU_ADD + RECIPE_SEARCH_PICKER › displays search input and source buttons
[WebServer] (node:12920) Warning: The 'NO_COLOR' env is ignored due to the 'FORCE_COLOR' env being set.
[WebServer] (Use `node --trace-warnings ...` to show where the warning was created)

[426/1215] [mobile-chrome] › tests/e2e/slice-08b-meal-add-books-pantry.spec.ts:265:7 › Slice 08b meal add books pantry — RECIPEBOOK + PANTRY paths › redirects to /login when unauthorized
[427/1215] [mobile-chrome] › tests/e2e/slice-07-meal-manage.spec.ts:193:7 › Slice 07 meal manage — MEAL_SCREEN › authenticated user loads meal list and sees meal cards
[428/1215] [mobile-chrome] › tests/e2e/slice-08a-meal-add-search.spec.ts:209:7 › Slice 08a meal add search — MENU_ADD + RECIPE_SEARCH_PICKER › shows empty state when search returns no results
[WebServer] (node:12943) Warning: The 'NO_COLOR' env is ignored due to the 'FORCE_COLOR' env being set.
[WebServer] (Use `node --trace-warnings ...` to show where the warning was created)

[429/1215] [mobile-chrome] › tests/e2e/slice-07-meal-manage.spec.ts:209:7 › Slice 07 meal manage — MEAL_SCREEN › shows date and slot name in app bar
[430/1215] [mobile-chrome] › tests/e2e/slice-08b-meal-add-books-pantry.spec.ts:277:7 › Slice 08b meal add books pantry — RECIPEBOOK + PANTRY paths › displays enabled recipe book, pantry, YouTube, and leftover buttons
[WebServer] (node:12961) Warning: The 'NO_COLOR' env is ignored due to the 'FORCE_COLOR' env being set.
[WebServer] (Use `node --trace-warnings ...` to show where the warning was created)

[431/1215] [mobile-chrome] › tests/e2e/slice-08a-meal-add-search.spec.ts:222:7 › Slice 08a meal add search — MENU_ADD + RECIPE_SEARCH_PICKER › displays search results and allows recipe selection
[WebServer] (node:12968) Warning: The 'NO_COLOR' env is ignored due to the 'FORCE_COLOR' env being set.
[WebServer] (Use `node --trace-warnings ...` to show where the warning was created)

[432/1215] [desktop-chrome] › tests/e2e/slice-prepared-food-planner-entry.spec.ts:865:7 › prepared-food-planner-entry › 390·320·desktop exact viewport에서 slice 화면 전체가 axe 검사를 통과한다
[433/1215] [desktop-chrome] › tests/e2e/slice-prepared-food-planner-entry.spec.ts:894:7 › prepared-food-planner-entry › auth round-trip restores a safe manual draft and returns focus after successful create
[434/1215] [mobile-chrome] › tests/e2e/slice-07-meal-manage.spec.ts:224:7 › Slice 07 meal manage — MEAL_SCREEN › shows empty state when no meals registered for slot
[435/1215] [mobile-chrome] › tests/e2e/slice-08b-meal-add-books-pantry.spec.ts:290:7 › Slice 08b meal add books pantry — RECIPEBOOK + PANTRY paths › opens recipe book selector and displays books
[436/1215] [mobile-chrome] › tests/e2e/slice-08a-meal-add-search.spec.ts:242:7 › Slice 08a meal add search — MENU_ADD + RECIPE_SEARCH_PICKER › opens servings modal on recipe select and allows cancel
[WebServer] (node:12992) Warning: The 'NO_COLOR' env is ignored due to the 'FORCE_COLOR' env being set.
[WebServer] (Use `node --trace-warnings ...` to show where the warning was created)

[437/1215] [mobile-chrome] › tests/e2e/slice-07-meal-manage.spec.ts:237:7 › Slice 07 meal manage — MEAL_SCREEN › 식사 추가 CTA is visible on ready state
[438/1215] [mobile-chrome] › tests/e2e/slice-08b-meal-add-books-pantry.spec.ts:306:7 › Slice 08b meal add books pantry — RECIPEBOOK + PANTRY paths › shows empty state when no recipe books
[439/1215] [mobile-chrome] › tests/e2e/slice-08a-meal-add-search.spec.ts:269:7 › Slice 08a meal add search — MENU_ADD + RECIPE_SEARCH_PICKER › creates meal and navigates back to MEAL_SCREEN
[WebServer] (node:13015) Warning: The 'NO_COLOR' env is ignored due to the 'FORCE_COLOR' env being set.
[WebServer] (Use `node --trace-warnings ...` to show where the warning was created)

[440/1215] [mobile-chrome] › tests/e2e/slice-07-meal-manage.spec.ts:249:7 › Slice 07 meal manage — MEAL_SCREEN › stepper increment for registered meal calls PATCH directly without modal
[441/1215] [mobile-chrome] › tests/e2e/slice-08b-meal-add-books-pantry.spec.ts:316:7 › Slice 08b meal add books pantry — RECIPEBOOK + PANTRY paths › returns to planner from menu-add back without keeping menu-add in history
[442/1215] [desktop-chrome] › tests/e2e/slice-prepared-food-planner-entry.spec.ts:915:7 › prepared-food-planner-entry › picker/create keeps scroll, focus, 44px controls, dirty ESC, and sticky actions safe
[WebServer] (node:13185) Warning: The 'NO_COLOR' env is ignored due to the 'FORCE_COLOR' env being set.
[WebServer] (Use `node --trace-warnings ...` to show where the warning was created)

[443/1215] [mobile-chrome] › tests/e2e/slice-07-meal-manage.spec.ts:281:7 › Slice 07 meal manage — MEAL_SCREEN › minus button is disabled at 1 serving
[WebServer] (node:13286) Warning: The 'NO_COLOR' env is ignored due to the 'FORCE_COLOR' env being set.
[WebServer] (Use `node --trace-warnings ...` to show where the warning was created)

[444/1215] [mobile-chrome] › tests/e2e/slice-08a-meal-add-search.spec.ts:309:7 › Slice 08a meal add search — MENU_ADD + RECIPE_SEARCH_PICKER › preserves return URL after login
[445/1215] [desktop-chrome] › tests/e2e/slice-prepared-food-planner-entry.spec.ts:975:7 › prepared-food-planner-entry › desktop FOOD_PRODUCT_CREATE의 등록 CTA가 1280×900 첫 화면 안에 보인다
[WebServer] (node:13297) Warning: The 'NO_COLOR' env is ignored due to the 'FORCE_COLOR' env being set.
[WebServer] (Use `node --trace-warnings ...` to show where the warning was created)

[446/1215] [desktop-chrome] › tests/e2e/slice-prepared-food-planner-entry.spec.ts:993:7 › prepared-food-planner-entry › product edit/delete dialogs trap focus, inert background, lock scroll, and return focus
[447/1215] [mobile-chrome] › tests/e2e/slice-07-meal-manage.spec.ts:293:7 › Slice 07 meal manage — MEAL_SCREEN › stepper for shopping_done meal shows confirmation modal before PATCH
[WebServer] (node:13386) Warning: The 'NO_COLOR' env is ignored due to the 'FORCE_COLOR' env being set.
[WebServer] (Use `node --trace-warnings ...` to show where the warning was created)

[448/1215] [desktop-chrome] › tests/e2e/slice-prepared-food-planner-entry.spec.ts:1033:7 › prepared-food-planner-entry › captures same-fixture pre-Stage4 evidence from the explicit base server
[449/1215] [desktop-chrome] › tests/e2e/slice-prepared-food-planner-entry.spec.ts:1074:7 › prepared-food-planner-entry › prepared-food-search-relevance: 390·320·desktop Stage 4 evidence와 unauthorized return을 남긴다
[WebServer] (node:13446) Warning: The 'NO_COLOR' env is ignored due to the 'FORCE_COLOR' env being set.
[WebServer] (Use `node --trace-warnings ...` to show where the warning was created)

(node:13455) Warning: The 'NO_COLOR' env is ignored due to the 'FORCE_COLOR' env being set.
(Use `node --trace-warnings ...` to show where the warning was created)


[450/1215] [mobile-chrome] › tests/e2e/slice-10a-shopping-detail-interact.spec.ts:133:9 › slice 10a: shopping detail interact › loading state › should show loading state while fetching detail
[451/1215] [mobile-chrome] › tests/e2e/slice-07-meal-manage.spec.ts:308:7 › Slice 07 meal manage — MEAL_SCREEN › serving-change confirm calls PATCH and dismisses modal
[WebServer] (node:13464) Warning: The 'NO_COLOR' env is ignored due to the 'FORCE_COLOR' env being set.
[WebServer] (Use `node --trace-warnings ...` to show where the warning was created)

(node:13455) Warning: The 'NO_COLOR' env is ignored due to the 'FORCE_COLOR' env being set.
(Use `node --trace-warnings ...` to show where the warning was created)


[452/1215] [mobile-chrome] › tests/e2e/slice-09-shopping-preview-create.spec.ts:89:9 › slice 09: shopping preview and list creation › loading state › should show loading state while fetching preview
[WebServer] (node:13484) Warning: The 'NO_COLOR' env is ignored due to the 'FORCE_COLOR' env being set.
[WebServer] (Use `node --trace-warnings ...` to show where the warning was created)

[WebServer] (node:13491) Warning: The 'NO_COLOR' env is ignored due to the 'FORCE_COLOR' env being set.
[WebServer] (Use `node --trace-warnings ...` to show where the warning was created)

[453/1215] [mobile-chrome] › tests/e2e/slice-10a-shopping-detail-interact.spec.ts:148:9 › slice 10a: shopping detail interact › error state › should show error state when API fails
(node:13497) Warning: The 'NO_COLOR' env is ignored due to the 'FORCE_COLOR' env being set.
(Use `node --trace-warnings ...` to show where the warning was created)


[454/1215] [mobile-chrome] › tests/e2e/slice-07-meal-manage.spec.ts:341:7 › Slice 07 meal manage — MEAL_SCREEN › shopping_done meal starts direct cook mode with a meal-screen return path
[455/1215] [mobile-chrome] › tests/e2e/slice-08b-meal-add-books-pantry.spec.ts:337:7 › Slice 08b meal add books pantry — RECIPEBOOK + PANTRY paths › opens recipe book detail and displays recipes
(node:13497) Warning: The 'NO_COLOR' env is ignored due to the 'FORCE_COLOR' env being set.
(Use `node --trace-warnings ...` to show where the warning was created)


[456/1215] [mobile-chrome] › tests/e2e/slice-10b-shopping-share-text.spec.ts:140:9 › slice 10b: shopping share text › clipboard fallback (deterministic) › should copy share text to clipboard and show success toast
[WebServer] (node:13545) Warning: The 'NO_COLOR' env is ignored due to the 'FORCE_COLOR' env being set.
[WebServer] (Use `node --trace-warnings ...` to show where the warning was created)

[457/1215] [mobile-chrome] › tests/e2e/slice-10a-shopping-detail-interact.spec.ts:174:9 › slice 10a: shopping detail interact › error state › should redirect to login when unauthorized
[WebServer] (node:13550) Warning: The 'NO_COLOR' env is ignored due to the 'FORCE_COLOR' env being set.
[WebServer] (Use `node --trace-warnings ...` to show where the warning was created)

[458/1215] [mobile-chrome] › tests/e2e/slice-09-shopping-preview-create.spec.ts:107:9 › slice 09: shopping preview and list creation › empty state › should show empty state when no eligible meals
[459/1215] [mobile-chrome] › tests/e2e/slice-08b-meal-add-books-pantry.spec.ts:359:7 › Slice 08b meal add books pantry — RECIPEBOOK + PANTRY paths › shows empty state when recipe book has no recipes
[WebServer] (node:13576) Warning: The 'NO_COLOR' env is ignored due to the 'FORCE_COLOR' env being set.
[WebServer] (Use `node --trace-warnings ...` to show where the warning was created)

[WebServer] (node:13584) Warning: The 'NO_COLOR' env is ignored due to the 'FORCE_COLOR' env being set.
[WebServer] (Use `node --trace-warnings ...` to show where the warning was created)

[460/1215] [mobile-chrome] › tests/e2e/slice-10b-shopping-share-text.spec.ts:181:9 › slice 10b: shopping share text › clipboard fallback (deterministic) › should show empty feedback when all items are pantry-excluded
[461/1215] [mobile-chrome] › tests/e2e/slice-07-meal-manage.spec.ts:363:7 › Slice 07 meal manage — MEAL_SCREEN › serving-change cancel dismisses modal without PATCH
[462/1215] [mobile-chrome] › tests/e2e/slice-09-shopping-preview-create.spec.ts:120:9 › slice 09: shopping preview and list creation › empty state › should navigate to planner when clicking back button
[463/1215] [mobile-chrome] › tests/e2e/slice-08b-meal-add-books-pantry.spec.ts:372:7 › Slice 08b meal add books pantry — RECIPEBOOK + PANTRY paths › navigates back from recipe book detail to selector
[WebServer] (node:13711) Warning: The 'NO_COLOR' env is ignored due to the 'FORCE_COLOR' env being set.
[WebServer] (Use `node --trace-warnings ...` to show where the warning was created)

[464/1215] [mobile-chrome] › tests/e2e/slice-10a-shopping-detail-interact.spec.ts:199:9 › slice 10a: shopping detail interact › empty state › should show empty state when all items are excluded
[WebServer] (node:13715) Warning: The 'NO_COLOR' env is ignored due to the 'FORCE_COLOR' env being set.
[WebServer] (Use `node --trace-warnings ...` to show where the warning was created)

[WebServer] (node:13717) Warning: The 'NO_COLOR' env is ignored due to the 'FORCE_COLOR' env being set.
[WebServer] (Use `node --trace-warnings ...` to show where the warning was created)

[465/1215] [mobile-chrome] › tests/e2e/slice-10b-shopping-share-text.spec.ts:215:9 › slice 10b: shopping share text › clipboard fallback (deterministic) › should show error toast when share-text API fails
[466/1215] [mobile-chrome] › tests/e2e/slice-07-meal-manage.spec.ts:392:7 › Slice 07 meal manage — MEAL_SCREEN › delete button shows confirmation modal
[WebServer] (node:13731) Warning: The 'NO_COLOR' env is ignored due to the 'FORCE_COLOR' env being set.
[WebServer] (Use `node --trace-warnings ...` to show where the warning was created)

[467/1215] [mobile-chrome] › tests/e2e/slice-08b-meal-add-books-pantry.spec.ts:396:7 › Slice 08b meal add books pantry — RECIPEBOOK + PANTRY paths › creates meal from recipe book and navigates back
[468/1215] [mobile-chrome] › tests/e2e/slice-10a-shopping-detail-interact.spec.ts:228:9 › slice 10a: shopping detail interact › happy path › should render list detail with purchase and excluded sections @smoke-core
[WebServer] (node:13738) Warning: The 'NO_COLOR' env is ignored due to the 'FORCE_COLOR' env being set.
[WebServer] (Use `node --trace-warnings ...` to show where the warning was created)

[WebServer] (node:13747) Warning: The 'NO_COLOR' env is ignored due to the 'FORCE_COLOR' env being set.
[WebServer] (Use `node --trace-warnings ...` to show where the warning was created)

[469/1215] [mobile-chrome] › tests/e2e/slice-09-shopping-preview-create.spec.ts:137:9 › slice 09: shopping preview and list creation › error state › should show error state when API fails
[470/1215] [mobile-chrome] › tests/e2e/slice-11-shopping-reorder.spec.ts:149:7 › slice 11: shopping item movement controls removed › does not render item up/down controls on the web shopping screen
[471/1215] [mobile-chrome] › tests/e2e/slice-07-meal-manage.spec.ts:405:7 › Slice 07 meal manage — MEAL_SCREEN › delete confirm removes meal card and shows empty state when last
[WebServer] (node:13772) Warning: The 'NO_COLOR' env is ignored due to the 'FORCE_COLOR' env being set.
[WebServer] (Use `node --trace-warnings ...` to show where the warning was created)

[472/1215] [mobile-chrome] › tests/e2e/slice-10a-shopping-detail-interact.spec.ts:247:9 › slice 10a: shopping detail interact › happy path › should toggle item check status
[WebServer] (node:13777) Warning: The 'NO_COLOR' env is ignored due to the 'FORCE_COLOR' env being set.
[WebServer] (Use `node --trace-warnings ...` to show where the warning was created)

[473/1215] [mobile-chrome] › tests/e2e/slice-09-shopping-preview-create.spec.ts:164:9 › slice 09: shopping preview and list creation › error state › should retry when clicking retry button
[WebServer] (node:13786) Warning: The 'NO_COLOR' env is ignored due to the 'FORCE_COLOR' env being set.
[WebServer] (Use `node --trace-warnings ...` to show where the warning was created)

[474/1215] [mobile-chrome] › tests/e2e/slice-11-shopping-reorder.spec.ts:173:7 › slice 11: shopping item movement controls removed › does not render item up/down controls on the app shopping screen
[475/1215] [mobile-chrome] › tests/e2e/slice-07-meal-manage.spec.ts:422:7 › Slice 07 meal manage — MEAL_SCREEN › delete cancel dismisses modal without removing card
[WebServer] (node:13794) Warning: The 'NO_COLOR' env is ignored due to the 'FORCE_COLOR' env being set.
[WebServer] (Use `node --trace-warnings ...` to show where the warning was created)

[WebServer] (node:13799) Warning: The 'NO_COLOR' env is ignored due to the 'FORCE_COLOR' env being set.
[WebServer] (Use `node --trace-warnings ...` to show where the warning was created)

[476/1215] [mobile-chrome] › tests/e2e/slice-08b-meal-add-books-pantry.spec.ts:430:7 › Slice 08b meal add books pantry — RECIPEBOOK + PANTRY paths › replaces menu-add history after recipe book meal creation
[477/1215] [mobile-chrome] › tests/e2e/slice-10a-shopping-detail-interact.spec.ts:283:9 › slice 10a: shopping detail interact › happy path › should move item to excluded section
[478/1215] [mobile-chrome] › tests/e2e/slice-09-shopping-preview-create.spec.ts:206:9 › slice 09: shopping preview and list creation › ready state › should display eligible meals with auto-selection
[WebServer] (node:13814) Warning: The 'NO_COLOR' env is ignored due to the 'FORCE_COLOR' env being set.
[WebServer] (Use `node --trace-warnings ...` to show where the warning was created)

[WebServer] (node:13816) Warning: The 'NO_COLOR' env is ignored due to the 'FORCE_COLOR' env being set.
[WebServer] (Use `node --trace-warnings ...` to show where the warning was created)

[479/1215] [mobile-chrome] › tests/e2e/slice-11-shopping-reorder.spec.ts:186:7 › slice 11: shopping item movement controls removed › keeps completed lists read-only without reorder controls
[480/1215] [mobile-chrome] › tests/e2e/slice-07-meal-manage.spec.ts:440:7 › Slice 07 meal manage — MEAL_SCREEN › no horizontal overflow on meal screen
[WebServer] (node:13891) Warning: The 'NO_COLOR' env is ignored due to the 'FORCE_COLOR' env being set.
[WebServer] (Use `node --trace-warnings ...` to show where the warning was created)

[481/1215] [mobile-chrome] › tests/e2e/slice-10a-shopping-detail-interact.spec.ts:320:9 › slice 10a: shopping detail interact › happy path › should restore item from excluded section
[482/1215] [mobile-chrome] › tests/e2e/slice-09-shopping-preview-create.spec.ts:222:9 › slice 09: shopping preview and list creation › ready state › should toggle meal selection
[WebServer] (node:13956) Warning: The 'NO_COLOR' env is ignored due to the 'FORCE_COLOR' env being set.
[WebServer] (Use `node --trace-warnings ...` to show where the warning was created)

[WebServer] (node:13960) Warning: The 'NO_COLOR' env is ignored due to the 'FORCE_COLOR' env being set.
[WebServer] (Use `node --trace-warnings ...` to show where the warning was created)

[483/1215] [mobile-chrome] › tests/e2e/slice-12a-shopping-complete.spec.ts:179:9 › slice 12a: shopping complete › complete button visibility › should show complete button for incomplete lists
[484/1215] [mobile-chrome] › tests/e2e/slice-07-meal-manage.spec.ts:459:7 › Slice 07 meal manage — MEAL_SCREEN › clicking recipe title navigates to RECIPE_DETAIL (Wave1)
[WebServer] (node:13974) Warning: The 'NO_COLOR' env is ignored due to the 'FORCE_COLOR' env being set.
[WebServer] (Use `node --trace-warnings ...` to show where the warning was created)

[485/1215] [mobile-chrome] › tests/e2e/slice-10a-shopping-detail-interact.spec.ts:358:9 › slice 10a: shopping detail interact › read-only mode › should show read-only notice for completed list
[486/1215] [mobile-chrome] › tests/e2e/slice-09-shopping-preview-create.spec.ts:242:9 › slice 09: shopping preview and list creation › ready state › should show serving tags without shopping serving edit controls
[WebServer] (node:13983) Warning: The 'NO_COLOR' env is ignored due to the 'FORCE_COLOR' env being set.
[WebServer] (Use `node --trace-warnings ...` to show where the warning was created)

[WebServer] (node:13988) Warning: The 'NO_COLOR' env is ignored due to the 'FORCE_COLOR' env being set.
[WebServer] (Use `node --trace-warnings ...` to show where the warning was created)

[WebServer] (node:13994) Warning: The 'NO_COLOR' env is ignored due to the 'FORCE_COLOR' env being set.
[WebServer] (Use `node --trace-warnings ...` to show where the warning was created)

[487/1215] [mobile-chrome] › tests/e2e/slice-12a-shopping-complete.spec.ts:191:9 › slice 12a: shopping complete › complete button visibility › should hide complete button for completed lists
[WebServer] (node:14005) Warning: The 'NO_COLOR' env is ignored due to the 'FORCE_COLOR' env being set.
[WebServer] (Use `node --trace-warnings ...` to show where the warning was created)

[WebServer] (node:14007) Warning: The 'NO_COLOR' env is ignored due to the 'FORCE_COLOR' env being set.
[WebServer] (Use `node --trace-warnings ...` to show where the warning was created)

[488/1215] [mobile-chrome] › tests/e2e/slice-08b-meal-add-books-pantry.spec.ts:466:7 › Slice 08b meal add books pantry — RECIPEBOOK + PANTRY paths › returns from meal screen to planner on the first back tap after creation
[489/1215] [mobile-chrome] › tests/e2e/slice-10a-shopping-detail-interact.spec.ts:379:9 › slice 10a: shopping detail interact › read-only mode › should not show action buttons in read-only mode
[490/1215] [mobile-chrome] › tests/e2e/slice-09-shopping-preview-create.spec.ts:271:9 › slice 09: shopping preview and list creation › ready state › should keep duplicate recipes separated by meal
[WebServer] (node:14025) Warning: The 'NO_COLOR' env is ignored due to the 'FORCE_COLOR' env being set.
[WebServer] (Use `node --trace-warnings ...` to show where the warning was created)

[WebServer] (node:14029) Warning: The 'NO_COLOR' env is ignored due to the 'FORCE_COLOR' env being set.
[WebServer] (Use `node --trace-warnings ...` to show where the warning was created)

[491/1215] [mobile-chrome] › tests/e2e/slice-12a-shopping-complete.spec.ts:211:9 › slice 12a: shopping complete › complete flow › should complete shopping list successfully
[492/1215] [mobile-chrome] › tests/e2e/slice-07-meal-manage.spec.ts:475:7 › Slice 07 meal manage — MEAL_SCREEN › delete uses trash icon button with data-testid (Wave1)
[WebServer] (node:14069) Warning: The 'NO_COLOR' env is ignored due to the 'FORCE_COLOR' env being set.
[WebServer] (Use `node --trace-warnings ...` to show where the warning was created)

[493/1215] [mobile-chrome] › tests/e2e/slice-10a-shopping-detail-interact.spec.ts:398:9 › slice 10a: shopping detail interact › read-only mode › should hide checkboxes in read-only mode
[WebServer] (node:14105) Warning: The 'NO_COLOR' env is ignored due to the 'FORCE_COLOR' env being set.
[WebServer] (Use `node --trace-warnings ...` to show where the warning was created)

[494/1215] [mobile-chrome] › tests/e2e/slice-09-shopping-preview-create.spec.ts:301:9 › slice 09: shopping preview and list creation › ready state › should select and clear every recipe
[WebServer] (node:14126) Warning: The 'NO_COLOR' env is ignored due to the 'FORCE_COLOR' env being set.
[WebServer] (Use `node --trace-warnings ...` to show where the warning was created)

[WebServer] (node:14148) Warning: The 'NO_COLOR' env is ignored due to the 'FORCE_COLOR' env being set.
[WebServer] (Use `node --trace-warnings ...` to show where the warning was created)

[495/1215] [mobile-chrome] › tests/e2e/slice-12a-shopping-complete.spec.ts:260:9 › slice 12a: shopping complete › complete flow › keeps the completed meal visible in planner with shopping_done status
[WebServer] (node:14179) Warning: The 'NO_COLOR' env is ignored due to the 'FORCE_COLOR' env being set.
[WebServer] (Use `node --trace-warnings ...` to show where the warning was created)

[496/1215] [mobile-chrome] › tests/e2e/slice-07-meal-manage.spec.ts:495:7 › Slice 07 meal manage — MEAL_SCREEN › status tags are visible on meal cards without status selectors (Wave1)
[497/1215] [mobile-chrome] › tests/e2e/slice-10a-shopping-detail-interact.spec.ts:416:9 › slice 10a: shopping detail interact › conflict handling › should switch to read-only mode when update returns 409 conflict
[498/1215] [mobile-chrome] › tests/e2e/slice-09-shopping-preview-create.spec.ts:330:9 › slice 09: shopping preview and list creation › create shopping list › should create list and navigate to detail
[WebServer] (node:14192) Warning: The 'NO_COLOR' env is ignored due to the 'FORCE_COLOR' env being set.
[WebServer] (Use `node --trace-warnings ...` to show where the warning was created)

[WebServer] (node:14201) Warning: The 'NO_COLOR' env is ignored due to the 'FORCE_COLOR' env being set.
[WebServer] (Use `node --trace-warnings ...` to show where the warning was created)

[WebServer] (node:14210) Warning: The 'NO_COLOR' env is ignored due to the 'FORCE_COLOR' env being set.
[WebServer] (Use `node --trace-warnings ...` to show where the warning was created)

[499/1215] [mobile-chrome] › tests/e2e/slice-12b-shopping-pantry-reflect.spec.ts:144:9 › slice 12b: shopping pantry reflect › pantry reflection popup › should show popup when clicking complete button
[500/1215] [mobile-chrome] › tests/e2e/slice-13-pantry-core.spec.ts:286:7 › PANTRY screen › shows login gate for unauthenticated users
[WebServer] (node:14227) Warning: The 'NO_COLOR' env is ignored due to the 'FORCE_COLOR' env being set.
[WebServer] (Use `node --trace-warnings ...` to show where the warning was created)

[501/1215] [mobile-chrome] › tests/e2e/slice-12a-shopping-complete.spec.ts:327:9 › slice 12a: shopping complete › complete flow › should handle 401 error by redirecting to login
[WebServer] (node:14229) Warning: The 'NO_COLOR' env is ignored due to the 'FORCE_COLOR' env being set.
[WebServer] (Use `node --trace-warnings ...` to show where the warning was created)

[502/1215] [mobile-chrome] › tests/e2e/slice-12b-shopping-pantry-reflect.spec.ts:167:9 › slice 12b: shopping pantry reflect › pantry reflection popup › should complete with all items when every popup item remains selected
[WebServer] (node:14237) Warning: The 'NO_COLOR' env is ignored due to the 'FORCE_COLOR' env being set.
[WebServer] (Use `node --trace-warnings ...` to show where the warning was created)

[503/1215] [mobile-chrome] › tests/e2e/slice-13-pantry-core.spec.ts:294:7 › PANTRY screen › shows pantry items after authentication
[WebServer] (node:14248) Warning: The 'NO_COLOR' env is ignored due to the 'FORCE_COLOR' env being set.
[WebServer] (Use `node --trace-warnings ...` to show where the warning was created)

[504/1215] [mobile-chrome] › tests/e2e/slice-08b-meal-add-books-pantry.spec.ts:505:7 › Slice 08b meal add books pantry — RECIPEBOOK + PANTRY paths › opens pantry match picker and displays recommendations
[505/1215] [mobile-chrome] › tests/e2e/slice-09-shopping-preview-create.spec.ts:379:9 › slice 09: shopping preview and list creation › create shopping list › should submit only selected meals
[WebServer] (node:14268) Warning: The 'NO_COLOR' env is ignored due to the 'FORCE_COLOR' env being set.
[WebServer] (Use `node --trace-warnings ...` to show where the warning was created)

[WebServer] (node:14273) Warning: The 'NO_COLOR' env is ignored due to the 'FORCE_COLOR' env being set.
[WebServer] (Use `node --trace-warnings ...` to show where the warning was created)

[506/1215] [mobile-chrome] › tests/e2e/slice-12b-shopping-pantry-reflect.spec.ts:217:9 › slice 12b: shopping pantry reflect › pantry reflection popup › should complete with no pantry items when 반영 안 함 is selected
[507/1215] [mobile-chrome] › tests/e2e/slice-13-pantry-core.spec.ts:306:7 › PANTRY screen › loads plush-v2 pantry stickers at display-safe resolution
[508/1215] [mobile-chrome] › tests/e2e/slice-12a-shopping-complete.spec.ts:362:9 › slice 12a: shopping complete › complete flow › should handle 409 conflict error
[509/1215] [mobile-chrome] › tests/e2e/slice-08b-meal-add-books-pantry.spec.ts:554:7 › Slice 08b meal add books pantry — RECIPEBOOK + PANTRY paths › shows empty state when no pantry recommendations
[510/1215] [mobile-chrome] › tests/e2e/slice-09-shopping-preview-create.spec.ts:426:9 › slice 09: shopping preview and list creation › create shopping list › should submit the planned shopping servings without local adjustment
[WebServer] (node:14416) Warning: The 'NO_COLOR' env is ignored due to the 'FORCE_COLOR' env being set.
[WebServer] (Use `node --trace-warnings ...` to show where the warning was created)

[511/1215] [mobile-chrome] › tests/e2e/slice-12b-shopping-pantry-reflect.spec.ts:265:9 › slice 12b: shopping pantry reflect › pantry reflection popup › should complete with selected pantry reflection items
[512/1215] [mobile-chrome] › tests/e2e/slice-13-pantry-core.spec.ts:330:7 › PANTRY screen › shows only owned pantry items without missing ingredient toggles
[WebServer] (node:14424) Warning: The 'NO_COLOR' env is ignored due to the 'FORCE_COLOR' env being set.
[WebServer] (Use `node --trace-warnings ...` to show where the warning was created)

[WebServer] (node:14437) Warning: The 'NO_COLOR' env is ignored due to the 'FORCE_COLOR' env being set.
[WebServer] (Use `node --trace-warnings ...` to show where the warning was created)

[513/1215] [mobile-chrome] › tests/e2e/slice-12a-shopping-complete.spec.ts:397:9 › slice 12a: shopping complete › complete flow › should handle generic API error
[514/1215] [mobile-chrome] › tests/e2e/slice-08b-meal-add-books-pantry.spec.ts:566:7 › Slice 08b meal add books pantry — RECIPEBOOK + PANTRY paths › creates meal from pantry match and navigates back
[515/1215] [mobile-chrome] › tests/e2e/slice-09-shopping-preview-create.spec.ts:473:9 › slice 09: shopping preview and list creation › create shopping list › should show creating state
[WebServer] (node:14450) Warning: The 'NO_COLOR' env is ignored due to the 'FORCE_COLOR' env being set.
[WebServer] (Use `node --trace-warnings ...` to show where the warning was created)

[516/1215] [mobile-chrome] › tests/e2e/slice-12b-shopping-pantry-reflect.spec.ts:327:9 › slice 12b: shopping pantry reflect › pantry reflection popup › should cancel popup without completing
[517/1215] [mobile-chrome] › tests/e2e/slice-13-pantry-core.spec.ts:343:7 › PANTRY screen › selects all visible pantry items in edit mode
[WebServer] (node:14469) Warning: The 'NO_COLOR' env is ignored due to the 'FORCE_COLOR' env being set.
[WebServer] (Use `node --trace-warnings ...` to show where the warning was created)

[WebServer] (node:14529) Warning: The 'NO_COLOR' env is ignored due to the 'FORCE_COLOR' env being set.
[WebServer] (Use `node --trace-warnings ...` to show where the warning was created)

[518/1215] [mobile-chrome] › tests/e2e/slice-12a-shopping-complete.spec.ts:434:9 › slice 12a: shopping complete › read-only UI after completion › should disable check/exclude/reorder controls for completed lists
[519/1215] [mobile-chrome] › tests/e2e/slice-09-shopping-preview-create.spec.ts:497:9 › slice 09: shopping preview and list creation › create shopping list › should handle 409 conflict error
[WebServer] (node:14565) Warning: The 'NO_COLOR' env is ignored due to the 'FORCE_COLOR' env being set.
[WebServer] (Use `node --trace-warnings ...` to show where the warning was created)

[520/1215] [mobile-chrome] › tests/e2e/slice-12b-shopping-pantry-reflect.spec.ts:362:9 › slice 12b: shopping pantry reflect › pantry reflection popup › should show checked purchase items and already-have items in popup
[521/1215] [mobile-chrome] › tests/e2e/slice-13-pantry-core.spec.ts:364:7 › PANTRY screen › shows empty state when no items exist
[WebServer] (node:14592) Warning: The 'NO_COLOR' env is ignored due to the 'FORCE_COLOR' env being set.
[WebServer] (Use `node --trace-warnings ...` to show where the warning was created)

[WebServer] (node:14598) Warning: The 'NO_COLOR' env is ignored due to the 'FORCE_COLOR' env being set.
[WebServer] (Use `node --trace-warnings ...` to show where the warning was created)

[522/1215] [mobile-chrome] › tests/e2e/slice-08b-meal-add-books-pantry.spec.ts:607:7 › Slice 08b meal add books pantry — RECIPEBOOK + PANTRY paths › allows canceling servings modal in pantry flow
[523/1215] [mobile-chrome] › tests/e2e/slice-15a-cook-planner-complete.spec.ts:151:7 › Slice 15a cook planner complete › authenticated user sees cook-mode with recipe data
[WebServer] (node:14620) Warning: The 'NO_COLOR' env is ignored due to the 'FORCE_COLOR' env being set.
[WebServer] (Use `node --trace-warnings ...` to show where the warning was created)

[524/1215] [mobile-chrome] › tests/e2e/slice-09-shopping-preview-create.spec.ts:531:9 › slice 09: shopping preview and list creation › navigation › should handle shopping prep navigation for the current viewport
[525/1215] [mobile-chrome] › tests/e2e/slice-13-pantry-core.spec.ts:380:7 › PANTRY screen › selects items and deletes them
[526/1215] [mobile-chrome] › tests/e2e/slice-12b-shopping-pantry-reflect.spec.ts:419:9 › slice 12b: shopping pantry reflect › pantry reflection visual feedback › should show 'pantry added' indicator after completion
[WebServer] (node:14630) Warning: The 'NO_COLOR' env is ignored due to the 'FORCE_COLOR' env being set.
[WebServer] (Use `node --trace-warnings ...` to show where the warning was created)

[527/1215] [mobile-chrome] › tests/e2e/slice-15b-cook-standalone-complete.spec.ts:145:7 › 15b standalone cook mode › happy path: enter standalone cook mode, view data, complete with consumed ingredients, return to recipe
[528/1215] [mobile-chrome] › tests/e2e/slice-15a-cook-planner-complete.spec.ts:176:7 › Slice 15a cook planner complete › whole-board keeps compact step layout with ingredient emphasis
[WebServer] (node:14652) Warning: The 'NO_COLOR' env is ignored due to the 'FORCE_COLOR' env being set.
[WebServer] (Use `node --trace-warnings ...` to show where the warning was created)

[WebServer] (node:14657) Warning: The 'NO_COLOR' env is ignored due to the 'FORCE_COLOR' env being set.
[WebServer] (Use `node --trace-warnings ...` to show where the warning was created)

[529/1215] [mobile-chrome] › tests/e2e/slice-16-leftovers.spec.ts:296:7 › LEFTOVERS screen › shows leftover list when authenticated
[530/1215] [mobile-chrome] › tests/e2e/slice-13-pantry-core.spec.ts:411:7 › PANTRY screen › opens the add ingredient sheet and adds items
[WebServer] (node:14660) Warning: The 'NO_COLOR' env is ignored due to the 'FORCE_COLOR' env being set.
[WebServer] (Use `node --trace-warnings ...` to show where the warning was created)

[531/1215] [mobile-chrome] › tests/e2e/slice-15a-cook-planner-complete.spec.ts:217:7 › Slice 15a cook planner complete › whole-board shows all ingredients and all steps without navigation
[532/1215] [mobile-chrome] › tests/e2e/slice-09-shopping-preview-create.spec.ts:555:9 › slice 09: shopping preview and list creation › unauthorized › should redirect to login when not authenticated
[533/1215] [mobile-chrome] › tests/e2e/slice-16-leftovers.spec.ts:321:7 › LEFTOVERS screen › keeps legacy action targets clear of the bottom tab at 390px
[WebServer] (node:14741) Warning: The 'NO_COLOR' env is ignored due to the 'FORCE_COLOR' env being set.
[WebServer] (Use `node --trace-warnings ...` to show where the warning was created)

[534/1215] [mobile-chrome] › tests/e2e/slice-13-pantry-core.spec.ts:432:7 › PANTRY screen › opens the bundle picker and shows bundles
[535/1215] [mobile-chrome] › tests/e2e/slice-16-leftovers.spec.ts:344:7 › LEFTOVERS screen › eat action removes item from list
[WebServer] (node:14797) Warning: The 'NO_COLOR' env is ignored due to the 'FORCE_COLOR' env being set.
[WebServer] (Use `node --trace-warnings ...` to show where the warning was created)

[536/1215] [mobile-chrome] › tests/e2e/slice-15a-cook-planner-complete.spec.ts:242:7 › Slice 15a cook planner complete › complete flow: selects consumed ingredients and returns to planner
[537/1215] [mobile-chrome] › tests/e2e/slice-15b-cook-standalone-complete.spec.ts:189:7 › 15b standalone cook mode › cancel returns to recipe detail without API call
[WebServer] (node:14910) Warning: The 'NO_COLOR' env is ignored due to the 'FORCE_COLOR' env being set.
[WebServer] (Use `node --trace-warnings ...` to show where the warning was created)

[538/1215] [mobile-chrome] › tests/e2e/slice-16-leftovers.spec.ts:360:7 › LEFTOVERS screen › shows empty state when all leftovers are eaten
[539/1215] [mobile-chrome] › tests/e2e/slice-13-pantry-core.spec.ts:470:7 › PANTRY screen › searches pantry items and shows an empty result state
[WebServer] (node:15003) Warning: The 'NO_COLOR' env is ignored due to the 'FORCE_COLOR' env being set.
[WebServer] (Use `node --trace-warnings ...` to show where the warning was created)

[540/1215] [mobile-chrome] › tests/e2e/slice-17a-mypage.spec.ts:498:7 › MYPAGE screen › shows profile and recipe books when authenticated @smoke-core
[WebServer] (node:15010) Warning: The 'NO_COLOR' env is ignored due to the 'FORCE_COLOR' env being set.
[WebServer] (Use `node --trace-warnings ...` to show where the warning was created)

[541/1215] [mobile-chrome] › tests/e2e/slice-13-pantry-core.spec.ts:485:7 › PANTRY screen › filters items by category chip
[542/1215] [mobile-chrome] › tests/e2e/slice-16-leftovers.spec.ts:376:7 › LEFTOVERS screen › planner add opens sheet
[WebServer] (node:15030) Warning: The 'NO_COLOR' env is ignored due to the 'FORCE_COLOR' env being set.
[WebServer] (Use `node --trace-warnings ...` to show where the warning was created)

[543/1215] [mobile-chrome] › tests/e2e/slice-15a-cook-planner-complete.spec.ts:293:7 › Slice 15a cook planner complete › empty consumed ingredients returns to planner
[544/1215] [mobile-chrome] › tests/e2e/slice-15b-cook-standalone-complete.spec.ts:203:7 › 15b standalone cook mode › unauthenticated user sees login gate on complete attempt
[545/1215] [mobile-chrome] › tests/e2e/slice-17b-recipebook-detail.spec.ts:225:7 › RECIPEBOOK_DETAIL screen › shows error when recipebook does not exist
[WebServer] (node:15047) Warning: The 'NO_COLOR' env is ignored due to the 'FORCE_COLOR' env being set.
[WebServer] (Use `node --trace-warnings ...` to show where the warning was created)

[546/1215] [mobile-chrome] › tests/e2e/slice-16-leftovers.spec.ts:390:7 › LEFTOVERS screen › shows login gate for unauthenticated users
[WebServer] (node:15050) Warning: The 'NO_COLOR' env is ignored due to the 'FORCE_COLOR' env being set.
[WebServer] (Use `node --trace-warnings ...` to show where the warning was created)

[547/1215] [mobile-chrome] › tests/e2e/slice-17a-mypage.spec.ts:536:7 › MYPAGE screen › keeps MYPAGE usable when the progress endpoint fails
[548/1215] [mobile-chrome] › tests/e2e/slice-15b-cook-standalone-complete.spec.ts:225:7 › 15b standalone cook mode › standalone cook mode uses whole-board without tab or step controls
[WebServer] (node:15063) Warning: The 'NO_COLOR' env is ignored due to the 'FORCE_COLOR' env being set.
[WebServer] (Use `node --trace-warnings ...` to show where the warning was created)

[549/1215] [mobile-chrome] › tests/e2e/slice-17b-recipebook-detail.spec.ts:248:7 › RECIPEBOOK_DETAIL screen › shows recipe list for saved book with remove buttons
[550/1215] [mobile-chrome] › tests/e2e/slice-16-leftovers.spec.ts:398:7 › LEFTOVERS screen › has navigation link to ate-list
[551/1215] [mobile-chrome] › tests/e2e/slice-15a-cook-planner-complete.spec.ts:310:7 › Slice 15a cook planner complete › cancel flow: opens confirm, clicks yes, returns to planner
[WebServer] (node:15088) Warning: The 'NO_COLOR' env is ignored due to the 'FORCE_COLOR' env being set.
[WebServer] (Use `node --trace-warnings ...` to show where the warning was created)

[552/1215] [mobile-chrome] › tests/e2e/slice-15b-cook-standalone-complete.spec.ts:246:7 › 15b standalone cook mode › complete with empty consumed_ingredient_ids
[WebServer] (node:15173) Warning: The 'NO_COLOR' env is ignored due to the 'FORCE_COLOR' env being set.
[WebServer] (Use `node --trace-warnings ...` to show where the warning was created)

[553/1215] [mobile-chrome] › tests/e2e/slice-17a-mypage.spec.ts:556:7 › MYPAGE screen › shows login gate for unauthenticated users
[554/1215] [mobile-chrome] › tests/e2e/slice-16-leftovers.spec.ts:417:7 › ATE_LIST screen › shows eaten items
[WebServer] (node:15220) Warning: The 'NO_COLOR' env is ignored due to the 'FORCE_COLOR' env being set.
[WebServer] (Use `node --trace-warnings ...` to show where the warning was created)

[555/1215] [mobile-chrome] › tests/e2e/slice-17b-recipebook-detail.spec.ts:284:7 › RECIPEBOOK_DETAIL screen › renames a custom book from the book-level menu
[WebServer] (node:15236) Warning: The 'NO_COLOR' env is ignored due to the 'FORCE_COLOR' env being set.
[WebServer] (Use `node --trace-warnings ...` to show where the warning was created)

[WebServer] (node:15241) Warning: The 'NO_COLOR' env is ignored due to the 'FORCE_COLOR' env being set.
[WebServer] (Use `node --trace-warnings ...` to show where the warning was created)

[556/1215] [mobile-chrome] › tests/e2e/slice-17a-mypage.spec.ts:564:7 › MYPAGE screen › switches to shopping history tab and shows records
[557/1215] [mobile-chrome] › tests/e2e/slice-16-leftovers.spec.ts:445:7 › ATE_LIST screen › uneat action removes item from eaten list
[558/1215] [mobile-chrome] › tests/e2e/slice-17b-recipebook-detail.spec.ts:302:7 › RECIPEBOOK_DETAIL screen › deletes a custom book from the book-level menu
[559/1215] [mobile-chrome] › tests/e2e/slice-15a-cook-planner-complete.spec.ts:331:7 › Slice 15a cook planner complete › guest user sees login gate
[WebServer] (node:15267) Warning: The 'NO_COLOR' env is ignored due to the 'FORCE_COLOR' env being set.
[WebServer] (Use `node --trace-warnings ...` to show where the warning was created)

[560/1215] [mobile-chrome] › tests/e2e/slice-17c-settings.spec.ts:394:7 › SETTINGS screen › shows settings items when authenticated
[WebServer] (node:15286) Warning: The 'NO_COLOR' env is ignored due to the 'FORCE_COLOR' env being set.
[WebServer] (Use `node --trace-warnings ...` to show where the warning was created)

[561/1215] [mobile-chrome] › tests/e2e/slice-16-leftovers.spec.ts:461:7 › ATE_LIST screen › shows login gate for unauthenticated users
[WebServer] (node:15289) Warning: The 'NO_COLOR' env is ignored due to the 'FORCE_COLOR' env being set.
[WebServer] (Use `node --trace-warnings ...` to show where the warning was created)

[562/1215] [mobile-chrome] › tests/e2e/slice-15a-cook-planner-complete.spec.ts:341:7 › Slice 15a cook planner complete › cook mode has whole-board controls without tab, timer, or memo controls
[563/1215] [mobile-chrome] › tests/e2e/slice-17c-settings.spec.ts:419:7 › SETTINGS screen › shows login gate with login link for unauthenticated users
[564/1215] [mobile-chrome] › tests/e2e/slice-16-leftovers.spec.ts:469:7 › ATE_LIST screen › shows empty state when no eaten items
[565/1215] [mobile-chrome] › tests/e2e/slice-17b-recipebook-detail.spec.ts:319:7 › RECIPEBOOK_DETAIL screen › shows 좋아요 해제 label for liked books
[WebServer] (node:15306) Warning: The 'NO_COLOR' env is ignored due to the 'FORCE_COLOR' env being set.
[WebServer] (Use `node --trace-warnings ...` to show where the warning was created)

[566/1215] [mobile-chrome] › tests/e2e/slice-17a-mypage.spec.ts:613:7 › MYPAGE screen › navigates to shopping detail when clicking a shopping history item
[567/1215] [mobile-chrome] › tests/e2e/slice-15a-cook-planner-complete.spec.ts:358:7 › Slice 15a cook planner complete › bottom cancel and complete controls stay visible
[568/1215] [mobile-chrome] › tests/e2e/slice-17c-settings.spec.ts:432:7 › SETTINGS screen › toggles screen wake lock
[WebServer] (node:15327) Warning: The 'NO_COLOR' env is ignored due to the 'FORCE_COLOR' env being set.
[WebServer] (Use `node --trace-warnings ...` to show where the warning was created)

[569/1215] [mobile-chrome] › tests/e2e/slice-16-leftovers.spec.ts:488:7 › ATE_LIST screen › has back link to leftovers
[570/1215] [mobile-chrome] › tests/e2e/slice-17b-recipebook-detail.spec.ts:328:7 › RECIPEBOOK_DETAIL screen › hides remove button for my_added books
[WebServer] (node:15334) Warning: The 'NO_COLOR' env is ignored due to the 'FORCE_COLOR' env being set.
[WebServer] (Use `node --trace-warnings ...` to show where the warning was created)

[571/1215] [mobile-chrome] › tests/e2e/slice-15a-cook-planner-complete.spec.ts:368:7 › Slice 15a cook planner complete › 404 session shows not-found state
[572/1215] [mobile-chrome] › tests/e2e/slice-17c-settings.spec.ts:448:7 › SETTINGS screen › settings toggle failure reverts value and shows error
[WebServer] (node:15461) Warning: The 'NO_COLOR' env is ignored due to the 'FORCE_COLOR' env being set.
[WebServer] (Use `node --trace-warnings ...` to show where the warning was created)

[573/1215] [mobile-chrome] › tests/e2e/slice-18-manual-recipe-create.spec.ts:218:7 › Slice 18: Manual Recipe Create › authenticated happy path: create recipe and view detail
[574/1215] [mobile-chrome] › tests/e2e/slice-17b-recipebook-detail.spec.ts:342:7 › RECIPEBOOK_DETAIL screen › loads next page without duplicate recipe cards
[575/1215] [mobile-chrome] › tests/e2e/slice-17a-mypage.spec.ts:640:7 › MYPAGE screen › opens recipebook detail in the correct mypage context
[WebServer] (node:15469) Warning: The 'NO_COLOR' env is ignored due to the 'FORCE_COLOR' env being set.
[WebServer] (Use `node --trace-warnings ...` to show where the warning was created)

[576/1215] [mobile-chrome] › tests/e2e/slice-19-youtube-import.spec.ts:328:7 › Slice 19: YouTube Import › happy path: URL → extract → review → register → complete
[WebServer] (node:15486) Warning: The 'NO_COLOR' env is ignored due to the 'FORCE_COLOR' env being set.
[WebServer] (Use `node --trace-warnings ...` to show where the warning was created)

[577/1215] [mobile-chrome] › tests/e2e/slice-17c-settings.spec.ts:465:7 › SETTINGS screen › does not expose nickname editing on settings routes
[578/1215] [mobile-chrome] › tests/e2e/slice-17b-recipebook-detail.spec.ts:443:7 › RECIPEBOOK_DETAIL screen › removes item from saved book with optimistic UI
[WebServer] (node:15634) Warning: The 'NO_COLOR' env is ignored due to the 'FORCE_COLOR' env being set.
[WebServer] (Use `node --trace-warnings ...` to show where the warning was created)

[WebServer] (node:15645) Warning: The 'NO_COLOR' env is ignored due to the 'FORCE_COLOR' env being set.
[WebServer] (Use `node --trace-warnings ...` to show where the warning was created)

[579/1215] [mobile-chrome] › tests/e2e/slice-17c-settings.spec.ts:477:7 › SETTINGS screen › logout confirm triggers API and navigates home
[580/1215] [mobile-chrome] › tests/e2e/slice-17b-recipebook-detail.spec.ts:464:7 › RECIPEBOOK_DETAIL screen › restores optimistic UI and shows error when remove fails
[WebServer] (node:15668) Warning: The 'NO_COLOR' env is ignored due to the 'FORCE_COLOR' env being set.
[WebServer] (Use `node --trace-warnings ...` to show where the warning was created)

[581/1215] [mobile-chrome] › tests/e2e/slice-18-manual-recipe-create.spec.ts:294:7 › Slice 18: Manual Recipe Create › create failure shows error and allows retry
[582/1215] [mobile-chrome] › tests/e2e/slice-19-youtube-import.spec.ts:374:7 › Slice 19: YouTube Import › oEmbed preview waits for explicit extraction before spending YouTube quota
[WebServer] (node:15675) Warning: The 'NO_COLOR' env is ignored due to the 'FORCE_COLOR' env being set.
[WebServer] (Use `node --trace-warnings ...` to show where the warning was created)

[583/1215] [mobile-chrome] › tests/e2e/slice-17b-recipebook-detail.spec.ts:528:7 › RECIPEBOOK_DETAIL screen › shows empty state after removing all items
[584/1215] [mobile-chrome] › tests/e2e/slice-17a-mypage.spec.ts:669:7 › MYPAGE screen › returns directly from shopping detail to the shopping history context
[585/1215] [mobile-chrome] › tests/e2e/slice-18-manual-recipe-create.spec.ts:379:7 › Slice 18: Manual Recipe Create › validation: cannot save without required fields
[586/1215] [mobile-chrome] › tests/e2e/slice-17c-settings.spec.ts:506:7 › SETTINGS screen › logout failure keeps dialog open and shows error
[WebServer] (node:15704) Warning: The 'NO_COLOR' env is ignored due to the 'FORCE_COLOR' env being set.
[WebServer] (Use `node --trace-warnings ...` to show where the warning was created)

[587/1215] [mobile-chrome] › tests/e2e/slice-17b-recipebook-detail.spec.ts:545:7 › RECIPEBOOK_DETAIL screen › shows empty state when book has no items
[588/1215] [mobile-chrome] › tests/e2e/slice-18-manual-recipe-create.spec.ts:435:7 › Slice 18: Manual Recipe Create › guest: redirects to login with return-to-action
[589/1215] [mobile-chrome] › tests/e2e/slice-19-youtube-import.spec.ts:400:7 › Slice 19: YouTube Import › non-recipe gate: blocks extraction and asks for another URL
[590/1215] [mobile-chrome] › tests/e2e/slice-17c-settings.spec.ts:526:7 › SETTINGS screen › delete confirm triggers API and navigates home
[WebServer] (node:15759) Warning: The 'NO_COLOR' env is ignored due to the 'FORCE_COLOR' env being set.
[WebServer] (Use `node --trace-warnings ...` to show where the warning was created)

[591/1215] [mobile-chrome] › tests/e2e/slice-17b-recipebook-detail.spec.ts:555:7 › RECIPEBOOK_DETAIL screen › recipe card shows reader actions
[592/1215] [mobile-chrome] › tests/e2e/slice-19-youtube-import.spec.ts:438:7 › Slice 19: YouTube Import › non-recipe warning: re-enter goes back to URL input
[WebServer] (node:15873) Warning: The 'NO_COLOR' env is ignored due to the 'FORCE_COLOR' env being set.
[WebServer] (Use `node --trace-warnings ...` to show where the warning was created)

[WebServer] (node:15876) Warning: The 'NO_COLOR' env is ignored due to the 'FORCE_COLOR' env being set.
[WebServer] (Use `node --trace-warnings ...` to show where the warning was created)

[593/1215] [mobile-chrome] › tests/e2e/slice-18-manual-recipe-create.spec.ts:447:7 › Slice 18: Manual Recipe Create › context preservation: query params passed through from menu-add
[594/1215] [mobile-chrome] › tests/e2e/slice-17b-recipebook-detail.spec.ts:571:7 › RECIPEBOOK_DETAIL screen › back button links to mypage
[595/1215] [mobile-chrome] › tests/e2e/slice-17c-settings.spec.ts:555:7 › SETTINGS screen › delete failure keeps dialog open and shows error
[596/1215] [mobile-chrome] › tests/e2e/slice-17a-mypage.spec.ts:704:7 › MYPAGE screen › shows empty shopping history state with planner link
[597/1215] [mobile-chrome] › tests/e2e/slice-19-youtube-import.spec.ts:457:7 › Slice 19: YouTube Import › uncertain classification: continues extraction with careful-review warning
[WebServer] (node:15915) Warning: The 'NO_COLOR' env is ignored due to the 'FORCE_COLOR' env being set.
[WebServer] (Use `node --trace-warnings ...` to show where the warning was created)

[598/1215] [mobile-chrome] › tests/e2e/slice-18-manual-recipe-create.spec.ts:470:7 › Slice 18: Manual Recipe Create › meal add flow: creates meal with correct context and navigates
[599/1215] [mobile-chrome] › tests/e2e/slice-17b-recipebook-detail.spec.ts:588:7 › RECIPEBOOK_DETAIL screen › shows login gate for unauthenticated users
[600/1215] [mobile-chrome] › tests/e2e/slice-17c-settings.spec.ts:572:7 › SETTINGS screen › delete confirm dialog can be cancelled
[WebServer] (node:15945) Warning: The 'NO_COLOR' env is ignored due to the 'FORCE_COLOR' env being set.
[WebServer] (Use `node --trace-warnings ...` to show where the warning was created)

[601/1215] [mobile-chrome] › tests/e2e/slice-22-youtube-ingredient-registration.spec.ts:10:7 › Slice 22: YouTube ingredient registration › unresolved ingredient can be user-registered and then saved @smoke-core
[602/1215] [mobile-chrome] › tests/e2e/slice-19-youtube-import.spec.ts:477:7 › Slice 19: YouTube Import › URL validation error: shows error message
[603/1215] [mobile-chrome] › tests/e2e/slice-17a-mypage.spec.ts:722:7 › MYPAGE screen › creates a new custom recipe book
[604/1215] [mobile-chrome] › tests/e2e/slice-17c-settings.spec.ts:586:7 › SETTINGS screen › delete succeeds but logout cleanup fails shows error and stays
[WebServer] (node:16005) Warning: The 'NO_COLOR' env is ignored due to the 'FORCE_COLOR' env being set.
[WebServer] (Use `node --trace-warnings ...` to show where the warning was created)

[605/1215] [mobile-chrome] › tests/e2e/slice-18-manual-recipe-create.spec.ts:569:7 › Slice 18: Manual Recipe Create › meal add flow: shows error when planner context is missing
[606/1215] [mobile-chrome] › tests/e2e/slice-25-youtube-bulk-ingredient-registration.spec.ts:12:7 › Slice 25: YouTube bulk ingredient registration › bulk CTA visible with 5 eligible rows, sheet opens and bulk registers all @smoke-core
[607/1215] [mobile-chrome] › tests/e2e/slice-19-youtube-import.spec.ts:489:7 › Slice 19: YouTube Import › enqueue error keeps the URL available for retry
[608/1215] [mobile-chrome] › tests/e2e/slice-17c-settings.spec.ts:604:7 › SETTINGS screen › back button navigates to /mypage
[609/1215] [mobile-chrome] › tests/e2e/slice-18-manual-recipe-create.spec.ts:639:7 › Slice 18: Manual Recipe Create › my_added virtual book: created manual recipe appears in my_added recipebook
[610/1215] [mobile-chrome] › tests/e2e/slice-17a-mypage.spec.ts:736:7 › MYPAGE screen › renames a custom recipe book via context menu
[611/1215] [mobile-chrome] › tests/e2e/slice-19-youtube-import.spec.ts:508:7 › Slice 19: YouTube Import › register error: shows error modal with retry
[612/1215] [mobile-chrome] › tests/e2e/slice-25-youtube-bulk-ingredient-registration.spec.ts:100:7 › Slice 25: YouTube bulk ingredient registration › existing single-row registration flow still works (regression) @smoke-core
[613/1215] [mobile-chrome] › tests/e2e/slice-25-youtube-bulk-ingredient-registration.spec.ts:129:7 › Slice 25: YouTube bulk ingredient registration › bulk CTA NOT visible when fewer than 2 eligible rows
[614/1215] [mobile-chrome] › tests/e2e/slice-17c-settings.spec.ts:631:7 › SETTINGS screen › MYPAGE environment settings opens in the right surface
[WebServer] (node:16169) Warning: The 'NO_COLOR' env is ignored due to the 'FORCE_COLOR' env being set.
[WebServer] (Use `node --trace-warnings ...` to show where the warning was created)

[615/1215] [mobile-chrome] › tests/e2e/slice-18-manual-recipe-create.spec.ts:724:7 › Slice 18: Manual Recipe Create › ingredient modal defaults to g and has no type selector
[616/1215] [mobile-chrome] › tests/e2e/slice-27-youtube-import-quality.spec.ts:213:7 › Slice 27: YouTube Import Quality Uplift › all-resolved ingredients register without correction (quality uplift)
[617/1215] [mobile-chrome] › tests/e2e/slice-19-youtube-import.spec.ts:532:7 › Slice 19: YouTube Import › session error: shows backend session message during register
[618/1215] [mobile-chrome] › tests/e2e/slice-18-manual-recipe-create.spec.ts:751:7 › Slice 18: Manual Recipe Create › ingredient modal shows all ingredients before search and filters by category
[619/1215] [mobile-chrome] › tests/e2e/slice-17a-mypage.spec.ts:754:7 › MYPAGE screen › deletes a custom recipe book via context menu
[620/1215] [mobile-chrome] › tests/e2e/slice-17c-settings.spec.ts:667:7 › SETTINGS planner column management › shows column list with default 3 columns
[621/1215] [mobile-chrome] › tests/e2e/slice-18-manual-recipe-create.spec.ts:808:7 › Slice 18: Manual Recipe Create › ingredient unit can switch between g and ml
[622/1215] [mobile-chrome] › tests/e2e/slice-27-youtube-import-quality.spec.ts:236:7 › Slice 27: YouTube Import Quality Uplift › conflict 409: shows session conflict message during register
[623/1215] [mobile-chrome] › tests/e2e/slice-19-youtube-import.spec.ts:554:7 › Slice 19: YouTube Import › review back confirm: leave exits youtube import
[624/1215] [mobile-chrome] › tests/e2e/slice-17c-settings.spec.ts:683:7 › SETTINGS planner column management › adds a new column
[625/1215] [mobile-chrome] › tests/e2e/slice-18-manual-recipe-create.spec.ts:834:7 › Slice 18: Manual Recipe Create › ingredient selection keeps the list visible before adding
[626/1215] [mobile-chrome] › tests/e2e/slice-17a-mypage.spec.ts:775:7 › MYPAGE screen › profile fallback shows initial when no image
[627/1215] [mobile-chrome] › tests/e2e/slice-17c-settings.spec.ts:712:7 › SETTINGS planner column management › renames a column
[628/1215] [mobile-chrome] › tests/e2e/slice-27-youtube-import-quality.spec.ts:273:7 › Slice 27: YouTube Import Quality Uplift › session expired 410: shows expiration message during register
[629/1215] [mobile-chrome] › tests/e2e/slice-18-manual-recipe-create.spec.ts:858:7 › Slice 18: Manual Recipe Create › ingredient modal shows selected chips before adding to the main form
[630/1215] [mobile-chrome] › tests/e2e/slice-17c-settings.spec.ts:732:7 › SETTINGS planner column management › deletes an empty column
[631/1215] [mobile-chrome] › tests/e2e/slice-17a-mypage.spec.ts:785:7 › MYPAGE screen › tab bar has correct ARIA roles
[632/1215] [mobile-chrome] › tests/e2e/slice-18-manual-recipe-create.spec.ts:878:7 › Slice 18: Manual Recipe Create › mobile unit options are large tappable chips
[633/1215] [mobile-chrome] › tests/e2e/slice-17c-settings.spec.ts:756:7 › SETTINGS planner column management › moves a column order and saves the new sort order
[634/1215] [mobile-chrome] › tests/e2e/slice-27-youtube-import-quality.spec.ts:309:7 › Slice 27: YouTube Import Quality Uplift › full flow: URL → extract → review → register with quality-uplifted extraction
[635/1215] [mobile-chrome] › tests/e2e/slice-18-manual-recipe-create.spec.ts:906:7 › Slice 18: Manual Recipe Create › ingredient modal can add multiple ingredients before closing
[636/1215] [mobile-chrome] › tests/e2e/slice-17c-settings.spec.ts:771:7 › SETTINGS planner column management › shows add limit message when 5 columns exist
[637/1215] [mobile-chrome] › tests/e2e/slice-17a-mypage.spec.ts:801:7 › MYPAGE screen › no content overlaps bottom nav at scrollY=0
[638/1215] [mobile-chrome] › tests/e2e/slice-18-manual-recipe-create.spec.ts:933:7 › Slice 18: Manual Recipe Create › ingredient modal stays usable while category results load
[639/1215] [mobile-chrome] › tests/e2e/slice-19-youtube-import.spec.ts:576:7 › Slice 19: YouTube Import › complete close: exits youtube import
[640/1215] [mobile-chrome] › tests/e2e/slice-17c-settings.spec.ts:796:7 › SETTINGS planner column management › disables delete button when only 1 column exists
[641/1215] [mobile-chrome] › tests/e2e/slice-27-youtube-import-quality.spec.ts:348:7 › Slice 27: YouTube Import Quality Uplift › guest redirect preserves return-to-action for youtube import
[642/1215] [mobile-chrome] › tests/e2e/slice-18-manual-recipe-create.spec.ts:981:7 › Slice 18: Manual Recipe Create › ingredient modal closes when clicking the backdrop
[643/1215] [mobile-chrome] › tests/e2e/slice-27b-youtube-source-fallback.spec.ts:238:7 › Slice 27b: YouTube Source Fallback › partial draft no-provider flow: shows guidance, user adds step, register succeeds
[644/1215] [mobile-chrome] › tests/e2e/slice-17c-settings.spec.ts:809:7 › SETTINGS planner column management › shows error when column add returns COLUMN_LIMIT_REACHED
[645/1215] [mobile-chrome] › tests/e2e/slice-29-youtube-author-comment-fallback.spec.ts:255:7 › Slice 29: YouTube Author Comment Fallback › author-comment fallback flow: URL → extract → review → register → complete
[646/1215] [mobile-chrome] › tests/e2e/slice-18-manual-recipe-create.spec.ts:999:7 › Slice 18: Manual Recipe Create › step modal closes when clicking the backdrop
[647/1215] [mobile-chrome] › tests/e2e/slice-17c-settings.spec.ts:825:7 › SETTINGS planner column management › shows error when column add returns COLUMN_NAME_DUPLICATE
[648/1215] [mobile-chrome] › tests/e2e/slice-27b-youtube-source-fallback.spec.ts:286:7 › Slice 27b: YouTube Source Fallback › caption flow: shows Korean caption label and no false warning when steps present
[649/1215] [mobile-chrome] › tests/e2e/slice-31-recipe-media-tags.spec.ts:350:7 › Slice 31: Recipe media and tags evidence › captures mobile and narrow evidence for recipe media/tag surfaces
[650/1215] [mobile-chrome] › tests/e2e/slice-31-recipe-media-tags.spec.ts:462:7 › Slice 31: Recipe media and tags evidence › recipe-visibility-read-hardening managed manual upload keeps object identity through create
[651/1215] [mobile-chrome] › tests/e2e/slice-17c-settings.spec.ts:841:7 › SETTINGS planner column management › shows error when column delete returns COLUMN_HAS_MEALS
[652/1215] [mobile-chrome] › tests/e2e/slice-29-youtube-author-comment-fallback.spec.ts:274:7 › Slice 29: YouTube Author Comment Fallback › loading state remains visible while author-comment fallback extraction waits
[653/1215] [mobile-chrome] › tests/e2e/slice-19-youtube-import.spec.ts:597:7 › Slice 19: YouTube Import › guest: redirects to login with return-to-action
[654/1215] [mobile-chrome] › tests/e2e/slice-32-youtube-visual-quantity-enrichment.spec.ts:232:7 › Slice 32: YouTube visual quantity enrichment › review screen shows quantity provenance and registers confirmed suggestions
[655/1215] [mobile-chrome] › tests/e2e/slice-17c-settings.spec.ts:861:7 › SETTINGS planner column management › shows error when column rename returns COLUMN_NAME_DUPLICATE
[656/1215] [mobile-chrome] › tests/e2e/slice-33-youtube-i031-direct-extraction.spec.ts:104:7 › Workpack 33: YouTube i031 direct extraction closeout › blocks duplicate background submission while URL validation is pending
[657/1215] [mobile-chrome] › tests/e2e/slice-19-youtube-import.spec.ts:608:7 › Slice 19: YouTube Import › guest with query params: preserves plan context in return URL
[658/1215] [mobile-chrome] › tests/e2e/slice-17c-settings.spec.ts:880:7 › SETTINGS planner column management › shows column loading skeleton
[659/1215] [mobile-chrome] › tests/e2e/slice-29-youtube-author-comment-fallback.spec.ts:293:7 › Slice 29: YouTube Author Comment Fallback › register conflict uses the existing error modal
[660/1215] [mobile-chrome] › tests/e2e/slice-32-youtube-visual-quantity-enrichment.spec.ts:275:7 › Slice 32: YouTube visual quantity enrichment › review screen sends edited and cleared quantity decisions
[661/1215] [mobile-chrome] › tests/e2e/slice-33-youtube-i031-direct-extraction.spec.ts:152:7 › Workpack 33: YouTube i031 direct extraction closeout › keeps queue failures inline and retries through background enqueue
[662/1215] [mobile-chrome] › tests/e2e/slice-19-youtube-import.spec.ts:628:7 › Slice 19: YouTube Import › meal add flow: complete → add to meal → navigate to planner
[663/1215] [mobile-chrome] › tests/e2e/slice-17c-settings.spec.ts:902:7 › SETTINGS planner column management › shows column load error with retry
[664/1215] [mobile-chrome] › tests/e2e/slice-33-youtube-i031-direct-extraction.spec.ts:205:7 › Workpack 33: YouTube i031 direct extraction closeout › restores the completed i031 review without viewport overflow
[665/1215] [mobile-chrome] › tests/e2e/slice-33c-gamification.spec.ts:497:7 › 33c gamification frontend @smoke-core › renders MYPAGE badges, quests, guide, soft-fail, and XP toast evidence
[666/1215] [mobile-chrome] › tests/e2e/slice-33c-gamification.spec.ts:559:7 › 33c gamification frontend @smoke-core › covers loading, empty, and unauthorized state boundaries
[667/1215] [mobile-chrome] › tests/e2e/slice-34c-growth-notification.spec.ts:466:7 › 34c growth notification UI @smoke-core › keeps server order, visible max, and seen boundaries
[668/1215] [mobile-chrome] › tests/e2e/slice-17c-settings.spec.ts:912:7 › SETTINGS planner column management › column management is hidden for unauthenticated users
[669/1215] [mobile-chrome] › tests/e2e/slice-29-youtube-author-comment-fallback.spec.ts:312:7 › Slice 29: YouTube Author Comment Fallback › description-ready flow: does not show author-comment source when unused
[670/1215] [mobile-chrome] › tests/e2e/slice-34c-growth-notification.spec.ts:508:7 › 34c growth notification UI @smoke-core › opens the notification archive from the profile while excluding silent rows
[671/1215] [mobile-chrome] › tests/e2e/slice-34d-mypage-growth-profile.spec.ts:293:7 › 34d MYPAGE growth profile assets @smoke-core › captures profile integration, badge shapes, locked hints, and soft-fail evidence
[672/1215] [mobile-chrome] › tests/e2e/slice-34c-growth-notification.spec.ts:526:7 › 34c growth notification UI @smoke-core › renders exact shopping multi-meal guidance copy
[673/1215] [mobile-chrome] › tests/e2e/slice-32-youtube-visual-quantity-enrichment.spec.ts:319:7 › Slice 32: YouTube visual quantity enrichment › background import defers quantity review without auto-registering
[674/1215] [mobile-chrome] › tests/e2e/slice-19-youtube-import.spec.ts:706:7 › Slice 19: YouTube Import › review: can add and remove ingredients
[WebServer] (node:17209) Warning: The 'NO_COLOR' env is ignored due to the 'FORCE_COLOR' env being set.
[WebServer] (Use `node --trace-warnings ...` to show where the warning was created)

[675/1215] [mobile-chrome] › tests/e2e/slice-34e-growth-profile-visual-polish.spec.ts:321:7 › 34e growth profile visual polish @smoke-core › captures integrated header, notification archive entry, grade marks, and soft-fail evidence
[676/1215] [mobile-chrome] › tests/e2e/slice-34c-growth-notification.spec.ts:539:7 › 34c growth notification UI @smoke-core › captures design authority evidence
[677/1215] [mobile-chrome] › tests/e2e/slice-35c-mypage-achievement-album.spec.ts:402:7 › 35c MYPAGE achievement album UI @smoke-core › opens grade, achievement, and notification panels from the integrated profile
[678/1215] [mobile-chrome] › tests/e2e/slice-36e-recipe-tags-frontend.spec.ts:102:5 › HOME tag chip uses the Korean exact tag key
[679/1215] [mobile-chrome] › tests/e2e/slice-36e-recipe-tags-frontend.spec.ts:117:5 › HOME tag-backed theme uses the Korean exact tag key
[680/1215] [mobile-chrome] › tests/e2e/slice-19-youtube-import.spec.ts:738:7 › Slice 19: YouTube Import › review: can remove steps and numbers renumber
[681/1215] [mobile-chrome] › tests/e2e/slice-account-session-generation-foundation.spec.ts:209:7 › account-session-generation-foundation quarantine › blocks normal MYPAGE content and preserves the return target
[682/1215] [mobile-chrome] › tests/e2e/slice-auth-provider-memory-linking.spec.ts:18:5 › recent provider dialog cancels without OAuth and restores focus
[683/1215] [mobile-chrome] › tests/e2e/slice-account-session-generation-foundation.spec.ts:225:7 › account-session-generation-foundation quarantine › keeps legacy and direct non-quarantine visits unexposed
[684/1215] [mobile-chrome] › tests/e2e/slice-auth-provider-memory-linking.spec.ts:46:5 › captures deterministic recent-provider, safe-error, and linked-provider evidence
[685/1215] [mobile-chrome] › tests/e2e/slice-19-youtube-import.spec.ts:761:7 › Slice 19: YouTube Import › fetch button disabled when URL is empty
[686/1215] [mobile-chrome] › tests/e2e/slice-19-youtube-import.spec.ts:774:7 › Slice 19: YouTube Import › register button disabled without required fields
[687/1215] [mobile-chrome] › tests/e2e/slice-account-session-generation-foundation.spec.ts:239:7 › account-session-generation-foundation quarantine › shows support-only auth-absent without mutation controls
[688/1215] [mobile-chrome] › tests/e2e/slice-auth-provider-memory-linking.spec.ts:80:5 › shows link outcomes and clears provider memory only after account deletion succeeds
[689/1215] [mobile-chrome] › tests/e2e/slice-19-youtube-import.spec.ts:808:7 › Slice 19: YouTube Import › review: blocks save until needs-review and unresolved ingredients are resolved
[690/1215] [mobile-chrome] › tests/e2e/slice-community-prepared-food-catalog.spec.ts:635:7 › community prepared food catalog Stage 4 › prepared-food-standard-basis-ux shows source filter and badges, keeps 100g/100mL defaults, and avoids legacy inference @smoke-core
[691/1215] [mobile-chrome] › tests/e2e/slice-account-session-generation-foundation.spec.ts:254:7 › account-session-generation-foundation quarantine › keeps replay, maintenance, cleanup, and stale-session states fail-closed
[692/1215] [mobile-chrome] › tests/e2e/slice-cooked-batch-weight-ledger.spec.ts:269:7 › cooked-batch-weight-ledger › preserves exact identity and input on conflict, reuses the key, and consumes replay once
[693/1215] [mobile-chrome] › tests/e2e/slice-community-prepared-food-catalog.spec.ts:678:7 › community prepared food catalog Stage 4 › shows public create notice, default 100g, syncs manual filter+query after create, and owner edit lock feedback
[694/1215] [mobile-chrome] › tests/e2e/slice-19-youtube-import.spec.ts:906:7 › Slice 19: YouTube Import › review: blocks save until incomplete step fields are edited
[WebServer] (node:17731) Warning: The 'NO_COLOR' env is ignored due to the 'FORCE_COLOR' env being set.
[WebServer] (Use `node --trace-warnings ...` to show where the warning was created)

[695/1215] [mobile-chrome] › tests/e2e/slice-cooked-batch-weight-ledger.spec.ts:322:7 › cooked-batch-weight-ledger › keeps an empty candidate list explicit and locks every path while pending
[696/1215] [mobile-chrome] › tests/e2e/slice-community-prepared-food-catalog.spec.ts:704:7 › community prepared food catalog Stage 4 › retries owner delete in the same confirm dialog
[697/1215] [mobile-chrome] › tests/e2e/slice-cooked-batch-weight-ui-evidence.spec.ts:250:5 › cooked-batch-weight-ui › captures the pre-Stage-4 COOK_MODE and LEFTOVERS state
[698/1215] [mobile-chrome] › tests/e2e/slice-cooked-batch-weight-ui-evidence.spec.ts:274:5 › cooked-batch-weight-ui › captures and verifies the Stage-4 viewport, state, and accessibility matrix
[699/1215] [mobile-chrome] › tests/e2e/slice-marketing-demand-validation.spec.ts:135:7 › marketing demand validation v2 /beta › Hero variants enter the same exact q1..q4 flow @smoke-core
[WebServer] (node:17779) Warning: The 'NO_COLOR' env is ignored due to the 'FORCE_COLOR' env being set.
[WebServer] (Use `node --trace-warnings ...` to show where the warning was created)

[700/1215] [mobile-chrome] › tests/e2e/slice-cooked-batch-weight-ledger.spec.ts:358:7 › cooked-batch-weight-ledger › keeps known-weight and weigh-later active CTA states above WCAG AA contrast
[701/1215] [mobile-chrome] › tests/e2e/slice-19-youtube-import.spec.ts:966:7 › Slice 19: YouTube Import › base_servings null defaults to 1
[702/1215] [mobile-chrome] › tests/e2e/slice-community-prepared-food-catalog.spec.ts:717:7 › community prepared food catalog Stage 4 › shows report only for eligible shared manual products and retries with the same reason/detail
[WebServer] (node:17813) Warning: The 'NO_COLOR' env is ignored due to the 'FORCE_COLOR' env being set.
[WebServer] (Use `node --trace-warnings ...` to show where the warning was created)

[703/1215] [mobile-chrome] › tests/e2e/slice-community-prepared-food-catalog.spec.ts:745:7 › community prepared food catalog Stage 4 › PATCH 401 keeps edit return context with product id/action and restores the same edit draft after login
[704/1215] [mobile-chrome] › tests/e2e/slice-cooked-batch-weight-ledger.spec.ts:395:7 › cooked-batch-weight-ledger › keeps both footer CTA labels at 16px without clipping at 390px and 320px
[WebServer] (node:17951) Warning: The 'NO_COLOR' env is ignored due to the 'FORCE_COLOR' env being set.
[WebServer] (Use `node --trace-warnings ...` to show where the warning was created)

[705/1215] [mobile-chrome] › tests/e2e/slice-19-youtube-import.spec.ts:1034:7 › Slice 19: YouTube Import › complete without plan context: no meal-add button
[706/1215] [mobile-chrome] › tests/e2e/slice-cooked-batch-weight-ledger.spec.ts:470:7 › cooked-batch-weight-ledger › keeps a real 422 recovery state focused, linked, preserved, and above WCAG AA contrast
[707/1215] [mobile-chrome] › tests/e2e/slice-account-session-generation-foundation.spec.ts:277:7 › account-session-generation-foundation quarantine › activates once with exact body and returns to the original MYPAGE
[WebServer] (node:18007) Warning: The 'NO_COLOR' env is ignored due to the 'FORCE_COLOR' env being set.
[WebServer] (Use `node --trace-warnings ...` to show where the warning was created)

[708/1215] [mobile-chrome] › tests/e2e/slice-community-prepared-food-catalog.spec.ts:786:7 › community prepared food catalog Stage 4 › maps duplicate and not-allowed report errors to official copy
  2) [mobile-chrome] › tests/e2e/slice-19-youtube-import.spec.ts:1034:7 › Slice 19: YouTube Import › complete without plan context: no meal-add button

    Error: expect(locator).toBeVisible() failed

    Locator: getByRole('heading', { name: '추출 결과를 확인해 주세요' })
    Expected: visible
    Timeout: 10000ms
    Error: element(s) not found

    Call log:
      - Expect "toBeVisible" with timeout 10000ms
      - waiting for getByRole('heading', { name: '추출 결과를 확인해 주세요' })


      1044 |     await page.locator('input[type="url"]').fill("https://www.youtube.com/watch?v=recipe12345");
      1045 |     await page.click('button:has-text("가져오기")');
    > 1046 |     await expect(page.getByRole("heading", { name: YOUTUBE_REVIEW_HEADING })).toBeVisible({ timeout: 10000 });
           |                                                                               ^
      1047 |     await page.click('button:has-text("등록")');
      1048 |
      1049 |     await expect(page.locator("text=레시피가 등록됐어요")).toBeVisible({ timeout: 5000 });
        at /Users/cwj/.codex/worktrees/f2a2/homecook/tests/e2e/slice-19-youtube-import.spec.ts:1046:79

    attachment #1: screenshot (image/png) ──────────────────────────────────────────────────────────
    test-results/slice-19-youtube-import-Sl-61481--context-no-meal-add-button-mobile-chrome/test-failed-1.png
    ────────────────────────────────────────────────────────────────────────────────────────────────

    attachment #2: video (video/webm) ──────────────────────────────────────────────────────────────
    test-results/slice-19-youtube-import-Sl-61481--context-no-meal-add-button-mobile-chrome/video.webm
    ────────────────────────────────────────────────────────────────────────────────────────────────

    Error Context: test-results/slice-19-youtube-import-Sl-61481--context-no-meal-add-button-mobile-chrome/error-context.md


[709/1215] [mobile-chrome] › tests/e2e/slice-cooked-batch-weight-ledger.spec.ts:494:7 › cooked-batch-weight-ledger › captures desktop, 390px, and 320px evidence with focus, target, overflow, and WCAG checks
[710/1215] [mobile-chrome] › tests/e2e/slice-marketing-returning-session.spec.ts:9:5 › a completed visitor can reload and replay the entire funnel without reverse requests
(node:18336) Warning: The 'NO_COLOR' env is ignored due to the 'FORCE_COLOR' env being set.
(Use `node --trace-warnings ...` to show where the warning was created)


[711/1215] [mobile-chrome] › tests/e2e/slice-marketing-demand-validation.spec.ts:145:7 › marketing demand validation v2 /beta › result, five experiences, planners, product, beta and done remain in order
(node:18336) Warning: The 'NO_COLOR' env is ignored due to the 'FORCE_COLOR' env being set.
(Use `node --trace-warnings ...` to show where the warning was created)


[712/1215] [mobile-chrome] › tests/e2e/slice-19-youtube-import.spec.ts:1061:7 › Slice 19: YouTube Import desktop embedded › embedded review keeps the final register action visible @smoke-core
[713/1215] [mobile-chrome] › tests/e2e/slice-community-prepared-food-catalog.spec.ts:802:7 › community prepared food catalog Stage 4 › shows account deletion preservation copy in settings
[714/1215] [mobile-chrome] › tests/e2e/slice-meal-log-ui.spec.ts:162:7 › meal-log-ui Stage 4 › meal-log-ui date rail uses a single-selection keyboard radiogroup
[715/1215] [mobile-chrome] › tests/e2e/slice-meal-log-ui.spec.ts:238:7 › meal-log-ui Stage 4 › meal-log-ui edit and delete dialogs preserve focus across every exit
[716/1215] [mobile-chrome] › tests/e2e/slice-marketing-demand-validation.spec.ts:162:7 › marketing demand validation v2 /beta › reduced motion presents final demo and planner values without count-up transitions
[717/1215] [mobile-chrome] › tests/e2e/slice-meal-log-ui.spec.ts:312:7 › meal-log-ui Stage 4 › meal-log-ui captures the contracted viewport and state matrix
[718/1215] [mobile-chrome] › tests/e2e/slice-personal-recipe-customization-write-core.spec.ts:429:7 › personal-recipe-customization-write-core › keeps same recipe id on owner save and reloads the updated detail destination
[719/1215] [mobile-chrome] › tests/e2e/slice-account-session-generation-foundation.spec.ts:326:7 › account-session-generation-foundation quarantine › requires delete confirmation and keeps cleanup_pending incomplete
[720/1215] [mobile-chrome] › tests/e2e/slice-community-prepared-food-catalog.spec.ts:818:7 › community prepared food catalog Stage 4 › delete/report dialogs keep focus inside, expose aria labels, close on Escape, and return focus to the trigger
[WebServer] (node:18428) Warning: The 'NO_COLOR' env is ignored due to the 'FORCE_COLOR' env being set.
[WebServer] (Use `node --trace-warnings ...` to show where the warning was created)

[721/1215] [mobile-chrome] › tests/e2e/slice-marketing-demand-validation.spec.ts:191:7 › marketing demand validation v2 /beta › known result is read-only and canonical share strips all other query data
[722/1215] [mobile-chrome] › tests/e2e/slice-personal-recipe-customization-write-core.spec.ts:529:7 › personal-recipe-customization-write-core › creates a new private recipe from authenticated public fork and keeps the public source unchanged
[723/1215] [mobile-chrome] › tests/e2e/slice-marketing-returning-session.spec.ts:36:5 › result back navigation returns to Q4 and can replay the result
[724/1215] [mobile-chrome] › tests/e2e/slice-community-prepared-food-catalog.spec.ts:855:7 › community prepared food catalog Stage 4 › keeps 320/390/1280 surfaces overflow-safe and 44px targets, and captures new community evidence
[WebServer] (node:18562) Warning: The 'NO_COLOR' env is ignored due to the 'FORCE_COLOR' env being set.
[WebServer] (Use `node --trace-warnings ...` to show where the warning was created)

[725/1215] [mobile-chrome] › tests/e2e/slice-account-session-generation-foundation.spec.ts:360:7 › account-session-generation-foundation quarantine › captures responsive and state authority evidence
[726/1215] [mobile-chrome] › tests/e2e/slice-personal-recipe-editor-decoupling.spec.ts:226:7 › personal-recipe-editor-decoupling local fixtures › personal-recipe-editor-decoupling keeps RECIPE_DETAIL capability-off without disturbing primary actions
[727/1215] [mobile-chrome] › tests/e2e/slice-marketing-demand-validation.spec.ts:201:7 › marketing demand validation v2 /beta › unknown result recovers to Hero a
[728/1215] [mobile-chrome] › tests/e2e/slice-marketing-returning-session.spec.ts:45:5 › a transient start failure recovers through the restart control
[WebServer] (node:18595) Warning: The 'NO_COLOR' env is ignored due to the 'FORCE_COLOR' env being set.
[WebServer] (Use `node --trace-warnings ...` to show where the warning was created)

[729/1215] [mobile-chrome] › tests/e2e/slice-personal-recipe-customization-write-core.spec.ts:644:7 › personal-recipe-customization-write-core › keeps same-id owner save and explicit save-as-new as separate destinations
[730/1215] [mobile-chrome] › tests/e2e/slice-personal-recipe-editor-decoupling.spec.ts:255:7 › personal-recipe-editor-decoupling local fixtures › personal-recipe-editor-decoupling keeps planner-add shared controls touch-safe and guards dirty in-app back
[731/1215] [mobile-chrome] › tests/e2e/slice-marketing-demand-validation.spec.ts:207:7 › marketing demand validation v2 /beta › 403/409/422/Turnstile/503 stay retryable without hiding prior value
[732/1215] [mobile-chrome] › tests/e2e/slice-marketing-returning-session.spec.ts:61:7 › Q3 pass reaches 집밥 패스형
[WebServer] (node:18619) Warning: The 'NO_COLOR' env is ignored due to the 'FORCE_COLOR' env being set.
[WebServer] (Use `node --trace-warnings ...` to show where the warning was created)

[733/1215] [mobile-chrome] › tests/e2e/slice-personal-recipe-editor-decoupling.spec.ts:338:7 › personal-recipe-editor-decoupling local fixtures › personal-recipe-editor-decoupling cancels a managed owner upload through the mocked server endpoint
[WebServer] (node:18641) Warning: The 'NO_COLOR' env is ignored due to the 'FORCE_COLOR' env being set.
[WebServer] (Use `node --trace-warnings ...` to show where the warning was created)

[734/1215] [mobile-chrome] › tests/e2e/slice-marketing-returning-session.spec.ts:61:7 › Q3 eyeball reaches 눈대중 장인
[735/1215] [mobile-chrome] › tests/e2e/slice-personal-recipe-customization-write-core.spec.ts:796:7 › personal-recipe-customization-write-core › deletes an owner recipe through confirm dialog with stable retry key and safe error copy
[736/1215] [mobile-chrome] › tests/e2e/slice-personal-recipe-editor-decoupling.spec.ts:366:7 › personal-recipe-editor-decoupling local fixtures › personal-recipe-editor-decoupling shows a recoverable managed upload error
[WebServer] (node:18784) Warning: The 'NO_COLOR' env is ignored due to the 'FORCE_COLOR' env being set.
[WebServer] (Use `node --trace-warnings ...` to show where the warning was created)

[737/1215] [mobile-chrome] › tests/e2e/slice-marketing-returning-session.spec.ts:61:7 › Q3 track reaches 성분 추적러
[738/1215] [mobile-chrome] › tests/e2e/slice-personal-recipe-customization-write-core.spec.ts:919:9 › personal-recipe-customization-write-core › reopens delete confirmation after simulated login return for 401 unauthorized without duplicate deletion
[739/1215] [mobile-chrome] › tests/e2e/slice-personal-recipe-editor-decoupling.spec.ts:391:7 › personal-recipe-editor-decoupling local fixtures › personal-recipe-editor-decoupling keeps cleanup failure visible and retryable
[WebServer] (node:18812) Warning: The 'NO_COLOR' env is ignored due to the 'FORCE_COLOR' env being set.
[WebServer] (Use `node --trace-warnings ...` to show where the warning was created)

[740/1215] [mobile-chrome] › tests/e2e/slice-marketing-returning-session.spec.ts:61:7 › Q3 measure reaches 프로 계량러
[741/1215] [mobile-chrome] › tests/e2e/slice-personal-recipe-customization-write-core.spec.ts:919:9 › personal-recipe-customization-write-core › reopens delete confirmation after simulated login return for 409 stale session without duplicate deletion
[742/1215] [mobile-chrome] › tests/e2e/slice-personal-recipe-editor-decoupling.spec.ts:435:7 › personal-recipe-editor-decoupling local fixtures › personal-recipe-editor-decoupling leaves MYPAGE and RECIPEBOOK_DETAIL read-only while preserving detail links
[743/1215] [mobile-chrome] › tests/e2e/slice-planner-shell.spec.ts:227:7 › planner-shell Stage 4 › planner-shell preserves segment/date history and the weekly plan @smoke-core
[WebServer] (node:18853) Warning: The 'NO_COLOR' env is ignored due to the 'FORCE_COLOR' env being set.
[WebServer] (Use `node --trace-warnings ...` to show where the warning was created)

[744/1215] [mobile-chrome] › tests/e2e/slice-personal-recipe-customization-write-core.spec.ts:983:7 › personal-recipe-customization-write-core › hides a soft-deleted recipe from new detail access while pinned readers stay readable
[WebServer] (node:19016) Warning: The 'NO_COLOR' env is ignored due to the 'FORCE_COLOR' env being set.
[WebServer] (Use `node --trace-warnings ...` to show where the warning was created)

[WebServer] (node:19022) Warning: The 'NO_COLOR' env is ignored due to the 'FORCE_COLOR' env being set.
[WebServer] (Use `node --trace-warnings ...` to show where the warning was created)

[745/1215] [mobile-chrome] › tests/e2e/slice-marketing-demand-validation.spec.ts:224:7 › marketing demand validation v2 /beta › only the result screen scrolls while planner CTA floats over a clipped tomorrow preview
[746/1215] [mobile-chrome] › tests/e2e/slice-prepared-food-planner-entry.spec.ts:456:7 › prepared-food-planner-entry › GET product catalog 401 preserves picker context and returns through login
[747/1215] [mobile-chrome] › tests/e2e/slice-planner-shell.spec.ts:263:7 › planner-shell Stage 4 › legacy-product-compat guest keeps the requested segment/date in the preview @smoke-core
[WebServer] (node:19075) Warning: The 'NO_COLOR' env is ignored due to the 'FORCE_COLOR' env being set.
[WebServer] (Use `node --trace-warnings ...` to show where the warning was created)

[748/1215] [mobile-chrome] › tests/e2e/slice-planner-shell.spec.ts:281:7 › planner-shell Stage 4 › planner-shell reloads the originating week on browser Back without duplicating history @smoke-core
[749/1215] [mobile-chrome] › tests/e2e/slice-personal-recipe-customization-write-core.spec.ts:1036:7 › personal-recipe-customization-write-core › keeps shopping and meal-log readers readable while new shopping preview omits the deleted recipe
[750/1215] [mobile-chrome] › tests/e2e/slice-prepared-food-planner-entry.spec.ts:479:7 › prepared-food-planner-entry › MENU_ADD에서 완제품을 추가하고 pinned 영양 수량을 수정·삭제한다
  3) [mobile-chrome] › tests/e2e/slice-community-prepared-food-catalog.spec.ts:855:7 › community prepared food catalog Stage 4 › keeps 320/390/1280 surfaces overflow-safe and 44px targets, and captures new community evidence

    Test timeout of 30000ms exceeded.

    Error: page.route: Target page, context or browser has been closed

       at helpers/youtube-background-extraction.ts:7

       5 |
       6 | export async function installEmptyYoutubeNotificationRoutes(page: Page) {
    >  7 |   await page.route(
         |              ^
       8 |     (url) => url.pathname.startsWith("/api/v1/users/me/youtube-extraction-jobs"),
       9 |     async (route) => {
      10 |       const pathname = new URL(route.request().url()).pathname;
        at installEmptyYoutubeNotificationRoutes (/Users/cwj/.codex/worktrees/f2a2/homecook/tests/e2e/helpers/youtube-background-extraction.ts:7:14)
        at setAuthenticated (/Users/cwj/.codex/worktrees/f2a2/homecook/tests/e2e/slice-community-prepared-food-catalog.spec.ts:61:46)
        at gotoPickerReady (/Users/cwj/.codex/worktrees/f2a2/homecook/tests/e2e/slice-community-prepared-food-catalog.spec.ts:521:9)
        at /Users/cwj/.codex/worktrees/f2a2/homecook/tests/e2e/slice-community-prepared-food-catalog.spec.ts:865:11

    attachment #1: screenshot (image/png) ──────────────────────────────────────────────────────────
    test-results/slice-community-prepared-f-44306-ures-new-community-evidence-mobile-chrome/test-failed-1.png
    ────────────────────────────────────────────────────────────────────────────────────────────────

    attachment #2: screenshot (image/png) ──────────────────────────────────────────────────────────
    test-results/slice-community-prepared-f-44306-ures-new-community-evidence-mobile-chrome/test-failed-2.png
    ────────────────────────────────────────────────────────────────────────────────────────────────

    attachment #3: video (video/webm) ──────────────────────────────────────────────────────────────
    test-results/slice-community-prepared-f-44306-ures-new-community-evidence-mobile-chrome/video.webm
    ────────────────────────────────────────────────────────────────────────────────────────────────

    attachment #4: screenshot (image/png) ──────────────────────────────────────────────────────────
    test-results/slice-community-prepared-f-44306-ures-new-community-evidence-mobile-chrome/test-failed-3.png
    ────────────────────────────────────────────────────────────────────────────────────────────────

    attachment #5: screenshot (image/png) ──────────────────────────────────────────────────────────
    test-results/slice-community-prepared-f-44306-ures-new-community-evidence-mobile-chrome/test-failed-4.png
    ────────────────────────────────────────────────────────────────────────────────────────────────

    Error Context: test-results/slice-community-prepared-f-44306-ures-new-community-evidence-mobile-chrome/error-context.md


(node:19240) Warning: The 'NO_COLOR' env is ignored due to the 'FORCE_COLOR' env being set.
(Use `node --trace-warnings ...` to show where the warning was created)


[751/1215] [mobile-chrome] › tests/e2e/slice-planner-shell.spec.ts:336:7 › planner-shell Stage 4 › planner-shell keeps legacy product plans read/detail/delete-only with focus restore
[752/1215] [mobile-chrome] › tests/e2e/slice-marketing-demand-validation.spec.ts:307:7 › marketing demand validation v2 /beta › mobile demo pages lock document scroll and keep the bottom action stationary
[WebServer] (node:19248) Warning: The 'NO_COLOR' env is ignored due to the 'FORCE_COLOR' env being set.
[WebServer] (Use `node --trace-warnings ...` to show where the warning was created)

(node:19240) Warning: The 'NO_COLOR' env is ignored due to the 'FORCE_COLOR' env being set.
(Use `node --trace-warnings ...` to show where the warning was created)


[753/1215] [mobile-chrome] › tests/e2e/slice-product-ingredient-link-foundation.spec.ts:191:7 › product-ingredient-link-foundation existing PANTRY consumer › product-ingredient-link-foundation desktop evidence
[WebServer] (node:19269) Warning: The 'NO_COLOR' env is ignored due to the 'FORCE_COLOR' env being set.
[WebServer] (Use `node --trace-warnings ...` to show where the warning was created)

[754/1215] [mobile-chrome] › tests/e2e/slice-prepared-food-planner-entry.spec.ts:507:7 › prepared-food-planner-entry › DELETE 401 뒤 로그인 복귀에서 삭제 확인을 복원하고 같은 계획만 삭제한다
[755/1215] [mobile-chrome] › tests/e2e/slice-planner-shell.spec.ts:368:7 › planner-shell Stage 4 › legacy-product-compat traps nested focus and restores it at 390px, 320px, and desktop
[756/1215] [mobile-chrome] › tests/e2e/slice-product-ingredient-link-foundation.spec.ts:205:7 › product-ingredient-link-foundation existing PANTRY consumer › product-ingredient-link-foundation 390px evidence
[WebServer] (node:19311) Warning: The 'NO_COLOR' env is ignored due to the 'FORCE_COLOR' env being set.
[WebServer] (Use `node --trace-warnings ...` to show where the warning was created)

[757/1215] [mobile-chrome] › tests/e2e/slice-personal-recipe-customization-write-core.spec.ts:1080:7 › personal-recipe-customization-write-core › keeps capability-off detail write controls absent while snapshot-v2 read drain stays available
[758/1215] [mobile-chrome] › tests/e2e/slice-recipe-content-snapshot-future-propagation.spec.ts:57:7 › recipe-content-snapshot-future-propagation › captures impact dialog at 390px and 320px
[759/1215] [mobile-chrome] › tests/e2e/slice-recipe-content-snapshot-future-propagation.spec.ts:84:7 › recipe-content-snapshot-future-propagation › isolates the owner editor focus and background at 390px and 320px
[760/1215] [mobile-chrome] › tests/e2e/slice-recipe-content-snapshot-future-propagation.spec.ts:127:7 › recipe-content-snapshot-future-propagation › keeps stale saves open and moves focus to the exact recheck action
[761/1215] [mobile-chrome] › tests/e2e/slice-recipe-content-snapshot-future-propagation.spec.ts:144:7 › recipe-content-snapshot-future-propagation › routes an expired impact preview to login while keeping the edited draft
[762/1215] [mobile-chrome] › tests/e2e/slice-recipe-content-snapshot-future-propagation.spec.ts:180:7 › recipe-content-snapshot-future-propagation › captures planner pending before navigation without a shell redesign
[763/1215] [mobile-chrome] › tests/e2e/slice-recipe-content-snapshot-future-propagation.spec.ts:204:7 › recipe-content-snapshot-future-propagation › keeps the narrow planner CTA reachable and shows start errors in place
[764/1215] [mobile-chrome] › tests/e2e/slice-recipe-content-snapshot-future-propagation.spec.ts:217:7 › recipe-content-snapshot-future-propagation › reads snapshot_v2 through its isolated route
[WebServer] (node:19351) Warning: The 'NO_COLOR' env is ignored due to the 'FORCE_COLOR' env being set.
[WebServer] (Use `node --trace-warnings ...` to show where the warning was created)

[765/1215] [mobile-chrome] › tests/e2e/slice-recipe-content-snapshot-future-propagation.spec.ts:228:7 › recipe-content-snapshot-future-propagation › distinguishes a successful snapshot-v2 dispatch from legacy cook mode
[WebServer] (node:19355) Warning: The 'NO_COLOR' env is ignored due to the 'FORCE_COLOR' env being set.
[WebServer] (Use `node --trace-warnings ...` to show where the warning was created)

[766/1215] [mobile-chrome] › tests/e2e/slice-recipe-content-snapshot-future-propagation.spec.ts:237:7 › recipe-content-snapshot-future-propagation › retries snapshot-v2 read errors without leaving the immutable reader
[767/1215] [mobile-chrome] › tests/e2e/slice-recipe-content-snapshot-future-propagation.spec.ts:268:7 › recipe-content-snapshot-future-propagation › offers safe previous and login return actions for unauthorized snapshot reads
[768/1215] [mobile-chrome] › tests/e2e/slice-recipe-nutrition-calculation.spec.ts:35:7 › recipe-nutrition-calculation › canonical QA recipe API returns the missing snapshot soft state without an alias
[769/1215] [mobile-chrome] › tests/e2e/slice-product-ingredient-link-foundation.spec.ts:219:7 › product-ingredient-link-foundation existing PANTRY consumer › product-ingredient-link-foundation 320px evidence
[770/1215] [mobile-chrome] › tests/e2e/slice-prepared-food-planner-entry.spec.ts:536:7 › prepared-food-planner-entry › DELETE 500 뒤 대화상자와 카드를 유지하고 같은 버튼으로 재시도한다
[771/1215] [mobile-chrome] › tests/e2e/slice-recipe-nutrition-calculation.spec.ts:52:7 › recipe-nutrition-calculation › small iOS viewport keeps the nutrition card and primary CTA usable
[772/1215] [mobile-chrome] › tests/e2e/slice-recipe-nutrition-calculation.spec.ts:70:7 › recipe-nutrition-calculation › cook mode keeps its existing flow without serving controls
[WebServer] (node:19507) Warning: The 'NO_COLOR' env is ignored due to the 'FORCE_COLOR' env being set.
[WebServer] (Use `node --trace-warnings ...` to show where the warning was created)

[WebServer] (node:19514) Warning: The 'NO_COLOR' env is ignored due to the 'FORCE_COLOR' env being set.
[WebServer] (Use `node --trace-warnings ...` to show where the warning was created)

[WebServer] (node:19516) Warning: The 'NO_COLOR' env is ignored due to the 'FORCE_COLOR' env being set.
[WebServer] (Use `node --trace-warnings ...` to show where the warning was created)

[773/1215] [mobile-chrome] › tests/e2e/slice-recipe-snapshot-authority-foundation.spec.ts:122:5 › recipe-snapshot-authority-foundation renders server-projected pinned history without snapshot metadata
[774/1215] [mobile-chrome] › tests/e2e/slice-prepared-food-planner-entry.spec.ts:555:7 › prepared-food-planner-entry › PATCH 401 gate가 safe edit context와 data-next-path를 보존하고 같은 편집을 복원한다
[775/1215] [mobile-chrome] › tests/e2e/slice-planner-shell.spec.ts:412:7 › planner-shell Stage 4 › legacy-product-compat blocks duplicate delete while pending
[776/1215] [mobile-chrome] › tests/e2e/slice-wave1-port-discovery-detail.spec.ts:41:7 › wave1 port discovery detail › HOME uses inline SortDropdown instead of bottom sheet
[WebServer] (node:19537) Warning: The 'NO_COLOR' env is ignored due to the 'FORCE_COLOR' env being set.
[WebServer] (Use `node --trace-warnings ...` to show where the warning was created)

[777/1215] [mobile-chrome] › tests/e2e/slice-recipe-nutrition-calculation.spec.ts:93:7 › recipe-nutrition-calculation › 390px and 320px show complete selected-serving nutrition without overflow
[WebServer] (node:19553) Warning: The 'NO_COLOR' env is ignored due to the 'FORCE_COLOR' env being set.
[WebServer] (Use `node --trace-warnings ...` to show where the warning was created)

[778/1215] [mobile-chrome] › tests/e2e/slice-planner-shell.spec.ts:436:7 › planner-shell Stage 4 › legacy-product-compat keeps pinned row and detail after delete error
[779/1215] [mobile-chrome] › tests/e2e/slice-wave1-port-discovery-detail.spec.ts:69:7 › wave1 port discovery detail › HOME filter controls match app and desktop layouts
[WebServer] (node:19568) Warning: The 'NO_COLOR' env is ignored due to the 'FORCE_COLOR' env being set.
[WebServer] (Use `node --trace-warnings ...` to show where the warning was created)

[WebServer] (node:19579) Warning: The 'NO_COLOR' env is ignored due to the 'FORCE_COLOR' env being set.
[WebServer] (Use `node --trace-warnings ...` to show where the warning was created)

[780/1215] [mobile-chrome] › tests/e2e/slice-recipe-nutrition-calculation.spec.ts:188:7 › recipe-nutrition-calculation › 390px guest returns from login to the pending planner action
[WebServer] (node:19583) Warning: The 'NO_COLOR' env is ignored due to the 'FORCE_COLOR' env being set.
[WebServer] (Use `node --trace-warnings ...` to show where the warning was created)

[781/1215] [mobile-chrome] › tests/e2e/slice-wave1-port-discovery-detail.spec.ts:105:7 › wave1 port discovery detail › HOME header does not contain profile or cart icons
[782/1215] [mobile-chrome] › tests/e2e/slice-planner-shell.spec.ts:464:7 › planner-shell Stage 4 › legacy-product-compat preserves planner loading before the read-only row
[WebServer] (node:19684) Warning: The 'NO_COLOR' env is ignored due to the 'FORCE_COLOR' env being set.
[WebServer] (Use `node --trace-warnings ...` to show where the warning was created)

[783/1215] [mobile-chrome] › tests/e2e/slice-wave1-port-foundation.spec.ts:10:7 › wave1 port foundation › shared home primitives do not create page-level horizontal overflow
[WebServer] (node:19743) Warning: The 'NO_COLOR' env is ignored due to the 'FORCE_COLOR' env being set.
[WebServer] (Use `node --trace-warnings ...` to show where the warning was created)

[784/1215] [mobile-chrome] › tests/e2e/slice-wave1-port-discovery-detail.spec.ts:133:7 › wave1 port discovery detail › RECIPE_DETAIL shows hero action metrics and sticky bottom CTA
[785/1215] [mobile-chrome] › tests/e2e/slice-planner-shell.spec.ts:477:7 › planner-shell Stage 4 › legacy-product-compat preserves the planner empty state
[WebServer] (node:19775) Warning: The 'NO_COLOR' env is ignored due to the 'FORCE_COLOR' env being set.
[WebServer] (Use `node --trace-warnings ...` to show where the warning was created)

[786/1215] [mobile-chrome] › tests/e2e/slice-prepared-food-planner-entry.spec.ts:614:7 › prepared-food-planner-entry › auth-restored product edit header close clears return context and stays closed after reload
(node:19791) Warning: The 'NO_COLOR' env is ignored due to the 'FORCE_COLOR' env being set.
(Use `node --trace-warnings ...` to show where the warning was created)


[WebServer] (node:19790) Warning: The 'NO_COLOR' env is ignored due to the 'FORCE_COLOR' env being set.
[WebServer] (Use `node --trace-warnings ...` to show where the warning was created)

[WebServer] (node:19799) Warning: The 'NO_COLOR' env is ignored due to the 'FORCE_COLOR' env being set.
[WebServer] (Use `node --trace-warnings ...` to show where the warning was created)

[787/1215] [mobile-chrome] › tests/e2e/slice-planner-shell.spec.ts:487:7 › planner-shell Stage 4 › legacy-product-compat preserves the planner load error and retry action
[788/1215] [mobile-chrome] › tests/e2e/slice-wave1-port-discovery-detail.spec.ts:158:7 › wave1 port discovery detail › RECIPE_DETAIL planner add sheet opens from sticky CTA
(node:19791) Warning: The 'NO_COLOR' env is ignored due to the 'FORCE_COLOR' env being set.
(Use `node --trace-warnings ...` to show where the warning was created)


[789/1215] [mobile-ios-small] › tests/e2e/slice-01-basic.spec.ts:21:7 › Slice 01 basic flow › HOME shows list, supports search, and updates sort state @smoke-core
[WebServer] (node:19813) Warning: The 'NO_COLOR' env is ignored due to the 'FORCE_COLOR' env being set.
[WebServer] (Use `node --trace-warnings ...` to show where the warning was created)

[790/1215] [mobile-chrome] › tests/e2e/slice-recipe-nutrition-calculation.spec.ts:246:7 › recipe-nutrition-calculation › partial nutrition keeps minimum copy and the locked fixed-vector formula
[WebServer] (node:19851) Warning: The 'NO_COLOR' env is ignored due to the 'FORCE_COLOR' env being set.
[WebServer] (Use `node --trace-warnings ...` to show where the warning was created)

[791/1215] [mobile-chrome] › tests/e2e/slice-planner-shell.spec.ts:500:7 › planner-shell Stage 4 › planner-shell keeps 320px targets, 200% text, and bottom actions usable
[792/1215] [mobile-chrome] › tests/e2e/slice-wave1-port-discovery-detail.spec.ts:192:7 › wave1 port discovery detail › login page shows Kakao, Naver, and Google providers
[WebServer] (node:19881) Warning: The 'NO_COLOR' env is ignored due to the 'FORCE_COLOR' env being set.
[WebServer] (Use `node --trace-warnings ...` to show where the warning was created)

[793/1215] [mobile-chrome] › tests/e2e/slice-recipe-nutrition-calculation.spec.ts:275:7 › recipe-nutrition-calculation › 320px missing state is read-only, zero-free, and keeps the primary CTA
[794/1215] [mobile-ios-small] › tests/e2e/slice-01-basic.spec.ts:87:7 › Slice 01 basic flow › Recipe detail route shows key sections @smoke-core
[WebServer] (node:20001) Warning: The 'NO_COLOR' env is ignored due to the 'FORCE_COLOR' env being set.
[WebServer] (Use `node --trace-warnings ...` to show where the warning was created)

[WebServer] (node:20005) Warning: The 'NO_COLOR' env is ignored due to the 'FORCE_COLOR' env being set.
[WebServer] (Use `node --trace-warnings ...` to show where the warning was created)

(node:20020) Warning: The 'NO_COLOR' env is ignored due to the 'FORCE_COLOR' env being set.
(Use `node --trace-warnings ...` to show where the warning was created)


[795/1215] [mobile-chrome] › tests/e2e/slice-recipe-nutrition-calculation.spec.ts:299:7 › recipe-nutrition-calculation › normal unavailable snapshot stays read-only without retry
[WebServer] (node:20026) Warning: The 'NO_COLOR' env is ignored due to the 'FORCE_COLOR' env being set.
[WebServer] (Use `node --trace-warnings ...` to show where the warning was created)

(node:20020) Warning: The 'NO_COLOR' env is ignored due to the 'FORCE_COLOR' env being set.
(Use `node --trace-warnings ...` to show where the warning was created)


[796/1215] [mobile-ios-small] › tests/e2e/slice-02-discovery-filter.spec.ts:132:7 › Slice 02 discovery filter flow › applies ingredient filters, preserves selection on reopen, and resets on hard refresh
[WebServer] (node:20042) Warning: The 'NO_COLOR' env is ignored due to the 'FORCE_COLOR' env being set.
[WebServer] (Use `node --trace-warnings ...` to show where the warning was created)

[797/1215] [mobile-ios-small] › tests/e2e/slice-01-basic.spec.ts:163:7 › Slice 01 basic flow › Not found page accepts inline feedback without blocking recovery links @smoke-core
[798/1215] [mobile-chrome] › tests/e2e/slice-prepared-food-planner-entry.spec.ts:649:7 › prepared-food-planner-entry › product quantity PATCH disables confirmation and ignores repeated in-flight clicks
[WebServer] (node:20078) Warning: The 'NO_COLOR' env is ignored due to the 'FORCE_COLOR' env being set.
[WebServer] (Use `node --trace-warnings ...` to show where the warning was created)

[799/1215] [mobile-chrome] › tests/e2e/slice-recipe-nutrition-calculation.spec.ts:322:7 › recipe-nutrition-calculation › desktop temporary failure retries only nutrition and preserves body and CTA
[800/1215] [mobile-chrome] › tests/e2e/slice-planner-shell.spec.ts:597:7 › planner-shell Stage 4 › planner-shell cold Sunday deep link scrolls the 320px date rail to the selected date
[801/1215] [mobile-ios-small] › tests/e2e/slice-01-basic.spec.ts:211:7 › Slice 01 basic flow › small iOS viewport keeps detail actions above the fold with touch-friendly targets
(node:20091) Warning: The 'NO_COLOR' env is ignored due to the 'FORCE_COLOR' env being set.
(Use `node --trace-warnings ...` to show where the warning was created)


[WebServer] (node:20092) Warning: The 'NO_COLOR' env is ignored due to the 'FORCE_COLOR' env being set.
[WebServer] (Use `node --trace-warnings ...` to show where the warning was created)

(node:20091) Warning: The 'NO_COLOR' env is ignored due to the 'FORCE_COLOR' env being set.
(Use `node --trace-warnings ...` to show where the warning was created)


[802/1215] [mobile-chrome] › tests/e2e/slice-prepared-food-planner-entry.spec.ts:692:7 › prepared-food-planner-entry › pinned v1 entry는 100mL로 환산된 catalog v2와 무관하게 v1 relation과 영양 snapshot으로 수정된다
[803/1215] [mobile-ios-small] › tests/e2e/slice-03-recipe-like.spec.ts:136:7 › Slice 03 recipe like flow › logged-in user can like a recipe and sees pending while the request is in flight
[WebServer] (node:20131) Warning: The 'NO_COLOR' env is ignored due to the 'FORCE_COLOR' env being set.
[WebServer] (Use `node --trace-warnings ...` to show where the warning was created)

[804/1215] [mobile-ios-small] › tests/e2e/slice-01-basic.spec.ts:235:7 › Slice 01 basic flow › Protected action opens login gate and modal can close with button, ESC, and backdrop @smoke-core
(node:20157) Warning: The 'NO_COLOR' env is ignored due to the 'FORCE_COLOR' env being set.
(Use `node --trace-warnings ...` to show where the warning was created)


[805/1215] [mobile-ios-small] › tests/e2e/slice-02-discovery-filter.spec.ts:166:7 › Slice 02 discovery filter flow › shows the empty state for unmatched ingredients and clears the filter on demand
[WebServer] (node:20205) Warning: The 'NO_COLOR' env is ignored due to the 'FORCE_COLOR' env being set.
[WebServer] (Use `node --trace-warnings ...` to show where the warning was created)

(node:20157) Warning: The 'NO_COLOR' env is ignored due to the 'FORCE_COLOR' env being set.
(Use `node --trace-warnings ...` to show where the warning was created)


[806/1215] [mobile-ios-small] › tests/e2e/slice-04-recipe-save.spec.ts:244:7 › Slice 04 recipe save flow › logged-in user can save from a HOME recipe card
[WebServer] (node:20282) Warning: The 'NO_COLOR' env is ignored due to the 'FORCE_COLOR' env being set.
[WebServer] (Use `node --trace-warnings ...` to show where the warning was created)

[807/1215] [mobile-ios-small] › tests/e2e/slice-03-recipe-like.spec.ts:159:7 › Slice 03 recipe like flow › logged-in user can unlike a recipe and sees the count decrease
[808/1215] [mobile-ios-small] › tests/e2e/slice-01-basic.spec.ts:261:7 › Slice 01 basic flow › Recipe detail shows callback failure feedback
[WebServer] (node:20302) Warning: The 'NO_COLOR' env is ignored due to the 'FORCE_COLOR' env being set.
[WebServer] (Use `node --trace-warnings ...` to show where the warning was created)

[809/1215] [mobile-ios-small] › tests/e2e/slice-02-discovery-filter.spec.ts:201:7 › Slice 02 discovery filter flow › keeps apply disabled when ingredient search has no results and no selection
[810/1215] [mobile-chrome] › tests/e2e/slice-prepared-food-planner-entry.spec.ts:723:7 › prepared-food-planner-entry › prepared-food-standard-basis-ux keeps serving decimal input and switches direct g relation to one-gram steps
[WebServer] (node:20327) Warning: The 'NO_COLOR' env is ignored due to the 'FORCE_COLOR' env being set.
[WebServer] (Use `node --trace-warnings ...` to show where the warning was created)

[811/1215] [mobile-ios-small] › tests/e2e/slice-04-recipe-save.spec.ts:310:7 › Slice 04 recipe save flow › logged-in user can save to an existing recipe book
[812/1215] [mobile-ios-small] › tests/e2e/slice-03-recipe-like.spec.ts:177:7 › Slice 03 recipe like flow › guest user can return to recipe detail after login and the like action replays once
[813/1215] [mobile-ios-small] › tests/e2e/slice-06-recipe-to-planner.spec.ts:170:7 › Slice 06 recipe-to-planner › authenticated user can add recipe to planner and see it in PLANNER_WEEK @smoke-core
[WebServer] (node:20512) Warning: The 'NO_COLOR' env is ignored due to the 'FORCE_COLOR' env being set.
[WebServer] (Use `node --trace-warnings ...` to show where the warning was created)

[814/1215] [mobile-ios-small] › tests/e2e/slice-02-discovery-filter.spec.ts:217:7 › Slice 02 discovery filter flow › keeps footer actions readable on small mobile viewports
[WebServer] (node:20522) Warning: The 'NO_COLOR' env is ignored due to the 'FORCE_COLOR' env being set.
[WebServer] (Use `node --trace-warnings ...` to show where the warning was created)

[815/1215] [mobile-chrome] › tests/e2e/slice-prepared-food-planner-entry.spec.ts:742:7 › prepared-food-planner-entry › PATCH basis mismatch는 공식 안내를 보여 주고 수량 편집 단계에 머문다
[WebServer] (node:20531) Warning: The 'NO_COLOR' env is ignored due to the 'FORCE_COLOR' env being set.
[WebServer] (Use `node --trace-warnings ...` to show where the warning was created)

[816/1215] [mobile-ios-small] › tests/e2e/slice-04-recipe-save.spec.ts:340:7 › Slice 04 recipe save flow › logged-in user can quick-create a custom book and save
[WebServer] (node:20542) Warning: The 'NO_COLOR' env is ignored due to the 'FORCE_COLOR' env being set.
[WebServer] (Use `node --trace-warnings ...` to show where the warning was created)

[817/1215] [mobile-ios-small] › tests/e2e/slice-07-meal-manage.spec.ts:143:7 › Slice 07 meal manage — MEAL_SCREEN › guest sees login gate with return-to-action path
[WebServer] (node:20563) Warning: The 'NO_COLOR' env is ignored due to the 'FORCE_COLOR' env being set.
[WebServer] (Use `node --trace-warnings ...` to show where the warning was created)

[818/1215] [mobile-chrome] › tests/e2e/slice-prepared-food-planner-entry.spec.ts:755:7 › prepared-food-planner-entry › opaque cursor를 이어 붙이고 basis mismatch에서 선택·수량 단계에 머문다
[WebServer] (node:20569) Warning: The 'NO_COLOR' env is ignored due to the 'FORCE_COLOR' env being set.
[WebServer] (Use `node --trace-warnings ...` to show where the warning was created)

[819/1215] [mobile-ios-small] › tests/e2e/slice-03-recipe-like.spec.ts:228:7 › Slice 03 recipe like flow › request failure shows toast feedback and restores the previous like state
[820/1215] [mobile-ios-small] › tests/e2e/slice-04-recipe-save.spec.ts:372:7 › Slice 04 recipe save flow › guest user sees login gate and save modal reopens after return-to-action
[821/1215] [mobile-ios-small] › tests/e2e/slice-06-recipe-to-planner.spec.ts:241:7 › Slice 06 recipe-to-planner › guest tapping 플래너에 추가 opens the login gate
[WebServer] (node:20594) Warning: The 'NO_COLOR' env is ignored due to the 'FORCE_COLOR' env being set.
[WebServer] (Use `node --trace-warnings ...` to show where the warning was created)

[WebServer] (node:20619) Warning: The 'NO_COLOR' env is ignored due to the 'FORCE_COLOR' env being set.
[WebServer] (Use `node --trace-warnings ...` to show where the warning was created)

[822/1215] [mobile-chrome] › tests/e2e/slice-prepared-food-planner-entry.spec.ts:770:7 › prepared-food-planner-entry › 검색 결과가 없으면 shared manual 완제품을 등록하고 선택된 수량 단계로 돌아온다
[823/1215] [mobile-ios-small] › tests/e2e/slice-08a-meal-add-search.spec.ts:177:7 › Slice 08a meal add search — MENU_ADD + RECIPE_SEARCH_PICKER › redirects to /login when unauthorized
[WebServer] (node:20630) Warning: The 'NO_COLOR' env is ignored due to the 'FORCE_COLOR' env being set.
[WebServer] (Use `node --trace-warnings ...` to show where the warning was created)

[824/1215] [mobile-ios-small] › tests/e2e/slice-07-meal-manage.spec.ts:154:7 › Slice 07 meal manage — MEAL_SCREEN › shows a meal-shaped skeleton while the slot meals are loading
[825/1215] [mobile-ios-small] › tests/e2e/slice-06-recipe-to-planner.spec.ts:258:7 › Slice 06 recipe-to-planner › sheet shows loading skeleton while planner columns are fetching
[WebServer] (node:20759) Warning: The 'NO_COLOR' env is ignored due to the 'FORCE_COLOR' env being set.
[WebServer] (Use `node --trace-warnings ...` to show where the warning was created)

[826/1215] [mobile-chrome] › tests/e2e/slice-prepared-food-planner-entry.spec.ts:787:7 › prepared-food-planner-entry › prepared-food-search-relevance: 느린 이전 검색은 무시하고 complete zero·partial·unavailable copy를 보존한다
[WebServer] (node:20761) Warning: The 'NO_COLOR' env is ignored due to the 'FORCE_COLOR' env being set.
[WebServer] (Use `node --trace-warnings ...` to show where the warning was created)

[827/1215] [mobile-ios-small] › tests/e2e/slice-07-meal-manage.spec.ts:193:7 › Slice 07 meal manage — MEAL_SCREEN › authenticated user loads meal list and sees meal cards
[828/1215] [mobile-ios-small] › tests/e2e/slice-04-recipe-save.spec.ts:421:7 › Slice 04 recipe save flow › small iOS viewport keeps title and save CTA above the fold
[829/1215] [mobile-ios-small] › tests/e2e/slice-08a-meal-add-search.spec.ts:189:7 › Slice 08a meal add search — MENU_ADD + RECIPE_SEARCH_PICKER › displays search input and source buttons
[830/1215] [mobile-ios-small] › tests/e2e/slice-06-recipe-to-planner.spec.ts:291:7 › Slice 06 recipe-to-planner › shows error inside sheet when meal creation fails
[WebServer] (node:20791) Warning: The 'NO_COLOR' env is ignored due to the 'FORCE_COLOR' env being set.
[WebServer] (Use `node --trace-warnings ...` to show where the warning was created)

[WebServer] (node:20796) Warning: The 'NO_COLOR' env is ignored due to the 'FORCE_COLOR' env being set.
[WebServer] (Use `node --trace-warnings ...` to show where the warning was created)

[831/1215] [mobile-ios-small] › tests/e2e/slice-07-meal-manage.spec.ts:209:7 › Slice 07 meal manage — MEAL_SCREEN › shows date and slot name in app bar
[832/1215] [mobile-ios-small] › tests/e2e/slice-08b-meal-add-books-pantry.spec.ts:265:7 › Slice 08b meal add books pantry — RECIPEBOOK + PANTRY paths › redirects to /login when unauthorized
[WebServer] (node:20803) Warning: The 'NO_COLOR' env is ignored due to the 'FORCE_COLOR' env being set.
[WebServer] (Use `node --trace-warnings ...` to show where the warning was created)

[833/1215] [mobile-ios-small] › tests/e2e/slice-08a-meal-add-search.spec.ts:209:7 › Slice 08a meal add search — MENU_ADD + RECIPE_SEARCH_PICKER › shows empty state when search returns no results
[834/1215] [mobile-ios-small] › tests/e2e/slice-09-shopping-preview-create.spec.ts:89:9 › slice 09: shopping preview and list creation › loading state › should show loading state while fetching preview
[WebServer] (node:20817) Warning: The 'NO_COLOR' env is ignored due to the 'FORCE_COLOR' env being set.
[WebServer] (Use `node --trace-warnings ...` to show where the warning was created)

[835/1215] [mobile-chrome] › tests/e2e/slice-prepared-food-planner-entry.spec.ts:851:7 › prepared-food-planner-entry › picker, create, product card 화면 전체가 semantic axe 검사를 통과한다
[836/1215] [mobile-ios-small] › tests/e2e/slice-07-meal-manage.spec.ts:224:7 › Slice 07 meal manage — MEAL_SCREEN › shows empty state when no meals registered for slot
[837/1215] [mobile-ios-small] › tests/e2e/slice-08a-meal-add-search.spec.ts:222:7 › Slice 08a meal add search — MENU_ADD + RECIPE_SEARCH_PICKER › displays search results and allows recipe selection
[838/1215] [mobile-ios-small] › tests/e2e/slice-09-shopping-preview-create.spec.ts:107:9 › slice 09: shopping preview and list creation › empty state › should show empty state when no eligible meals
[839/1215] [mobile-ios-small] › tests/e2e/slice-08b-meal-add-books-pantry.spec.ts:277:7 › Slice 08b meal add books pantry — RECIPEBOOK + PANTRY paths › displays enabled recipe book, pantry, YouTube, and leftover buttons
[WebServer] (node:20876) Warning: The 'NO_COLOR' env is ignored due to the 'FORCE_COLOR' env being set.
[WebServer] (Use `node --trace-warnings ...` to show where the warning was created)

[840/1215] [mobile-ios-small] › tests/e2e/slice-07-meal-manage.spec.ts:237:7 › Slice 07 meal manage — MEAL_SCREEN › 식사 추가 CTA is visible on ready state
[841/1215] [mobile-ios-small] › tests/e2e/slice-09-shopping-preview-create.spec.ts:120:9 › slice 09: shopping preview and list creation › empty state › should navigate to planner when clicking back button
[842/1215] [mobile-ios-small] › tests/e2e/slice-08a-meal-add-search.spec.ts:242:7 › Slice 08a meal add search — MENU_ADD + RECIPE_SEARCH_PICKER › opens servings modal on recipe select and allows cancel
[843/1215] [mobile-ios-small] › tests/e2e/slice-08b-meal-add-books-pantry.spec.ts:290:7 › Slice 08b meal add books pantry — RECIPEBOOK + PANTRY paths › opens recipe book selector and displays books
[WebServer] (node:21023) Warning: The 'NO_COLOR' env is ignored due to the 'FORCE_COLOR' env being set.
[WebServer] (Use `node --trace-warnings ...` to show where the warning was created)

[844/1215] [mobile-ios-small] › tests/e2e/slice-07-meal-manage.spec.ts:249:7 › Slice 07 meal manage — MEAL_SCREEN › stepper increment for registered meal calls PATCH directly without modal
[WebServer] (node:21029) Warning: The 'NO_COLOR' env is ignored due to the 'FORCE_COLOR' env being set.
[WebServer] (Use `node --trace-warnings ...` to show where the warning was created)

[845/1215] [mobile-ios-small] › tests/e2e/slice-08a-meal-add-search.spec.ts:269:7 › Slice 08a meal add search — MENU_ADD + RECIPE_SEARCH_PICKER › creates meal and navigates back to MEAL_SCREEN
[846/1215] [mobile-chrome] › tests/e2e/slice-prepared-food-planner-entry.spec.ts:865:7 › prepared-food-planner-entry › 390·320·desktop exact viewport에서 slice 화면 전체가 axe 검사를 통과한다
[847/1215] [mobile-ios-small] › tests/e2e/slice-08b-meal-add-books-pantry.spec.ts:306:7 › Slice 08b meal add books pantry — RECIPEBOOK + PANTRY paths › shows empty state when no recipe books
[WebServer] (node:21054) Warning: The 'NO_COLOR' env is ignored due to the 'FORCE_COLOR' env being set.
[WebServer] (Use `node --trace-warnings ...` to show where the warning was created)

[848/1215] [mobile-ios-small] › tests/e2e/slice-07-meal-manage.spec.ts:281:7 › Slice 07 meal manage — MEAL_SCREEN › minus button is disabled at 1 serving
[849/1215] [mobile-ios-small] › tests/e2e/slice-09-shopping-preview-create.spec.ts:137:9 › slice 09: shopping preview and list creation › error state › should show error state when API fails
[850/1215] [mobile-ios-small] › tests/e2e/slice-08b-meal-add-books-pantry.spec.ts:316:7 › Slice 08b meal add books pantry — RECIPEBOOK + PANTRY paths › returns to planner from menu-add back without keeping menu-add in history
[WebServer] (node:21086) Warning: The 'NO_COLOR' env is ignored due to the 'FORCE_COLOR' env being set.
[WebServer] (Use `node --trace-warnings ...` to show where the warning was created)

[851/1215] [mobile-ios-small] › tests/e2e/slice-09-shopping-preview-create.spec.ts:164:9 › slice 09: shopping preview and list creation › error state › should retry when clicking retry button
[852/1215] [mobile-ios-small] › tests/e2e/slice-07-meal-manage.spec.ts:293:7 › Slice 07 meal manage — MEAL_SCREEN › stepper for shopping_done meal shows confirmation modal before PATCH
[WebServer] (node:21095) Warning: The 'NO_COLOR' env is ignored due to the 'FORCE_COLOR' env being set.
[WebServer] (Use `node --trace-warnings ...` to show where the warning was created)

[853/1215] [mobile-ios-small] › tests/e2e/slice-08a-meal-add-search.spec.ts:309:7 › Slice 08a meal add search — MENU_ADD + RECIPE_SEARCH_PICKER › preserves return URL after login
[WebServer] (node:21125) Warning: The 'NO_COLOR' env is ignored due to the 'FORCE_COLOR' env being set.
[WebServer] (Use `node --trace-warnings ...` to show where the warning was created)

[854/1215] [mobile-ios-small] › tests/e2e/slice-09-shopping-preview-create.spec.ts:206:9 › slice 09: shopping preview and list creation › ready state › should display eligible meals with auto-selection
[855/1215] [mobile-ios-small] › tests/e2e/slice-07-meal-manage.spec.ts:308:7 › Slice 07 meal manage — MEAL_SCREEN › serving-change confirm calls PATCH and dismisses modal
[WebServer] (node:21245) Warning: The 'NO_COLOR' env is ignored due to the 'FORCE_COLOR' env being set.
[WebServer] (Use `node --trace-warnings ...` to show where the warning was created)

[856/1215] [mobile-ios-small] › tests/e2e/slice-10a-shopping-detail-interact.spec.ts:133:9 › slice 10a: shopping detail interact › loading state › should show loading state while fetching detail
[WebServer] (node:21261) Warning: The 'NO_COLOR' env is ignored due to the 'FORCE_COLOR' env being set.
[WebServer] (Use `node --trace-warnings ...` to show where the warning was created)

[857/1215] [mobile-ios-small] › tests/e2e/slice-09-shopping-preview-create.spec.ts:222:9 › slice 09: shopping preview and list creation › ready state › should toggle meal selection
[858/1215] [mobile-ios-small] › tests/e2e/slice-07-meal-manage.spec.ts:341:7 › Slice 07 meal manage — MEAL_SCREEN › shopping_done meal starts direct cook mode with a meal-screen return path
[WebServer] (node:21295) Warning: The 'NO_COLOR' env is ignored due to the 'FORCE_COLOR' env being set.
[WebServer] (Use `node --trace-warnings ...` to show where the warning was created)

[859/1215] [mobile-ios-small] › tests/e2e/slice-10a-shopping-detail-interact.spec.ts:148:9 › slice 10a: shopping detail interact › error state › should show error state when API fails
[WebServer] (node:21304) Warning: The 'NO_COLOR' env is ignored due to the 'FORCE_COLOR' env being set.
[WebServer] (Use `node --trace-warnings ...` to show where the warning was created)

[WebServer] (node:21309) Warning: The 'NO_COLOR' env is ignored due to the 'FORCE_COLOR' env being set.
[WebServer] (Use `node --trace-warnings ...` to show where the warning was created)

[860/1215] [mobile-ios-small] › tests/e2e/slice-09-shopping-preview-create.spec.ts:242:9 › slice 09: shopping preview and list creation › ready state › should show serving tags without shopping serving edit controls
[WebServer] (node:21320) Warning: The 'NO_COLOR' env is ignored due to the 'FORCE_COLOR' env being set.
[WebServer] (Use `node --trace-warnings ...` to show where the warning was created)

[861/1215] [mobile-ios-small] › tests/e2e/slice-10a-shopping-detail-interact.spec.ts:174:9 › slice 10a: shopping detail interact › error state › should redirect to login when unauthorized
[WebServer] (node:21332) Warning: The 'NO_COLOR' env is ignored due to the 'FORCE_COLOR' env being set.
[WebServer] (Use `node --trace-warnings ...` to show where the warning was created)

[862/1215] [mobile-ios-small] › tests/e2e/slice-07-meal-manage.spec.ts:363:7 › Slice 07 meal manage — MEAL_SCREEN › serving-change cancel dismisses modal without PATCH
[WebServer] (node:21338) Warning: The 'NO_COLOR' env is ignored due to the 'FORCE_COLOR' env being set.
[WebServer] (Use `node --trace-warnings ...` to show where the warning was created)

[863/1215] [mobile-ios-small] › tests/e2e/slice-09-shopping-preview-create.spec.ts:271:9 › slice 09: shopping preview and list creation › ready state › should keep duplicate recipes separated by meal
[864/1215] [mobile-ios-small] › tests/e2e/slice-08b-meal-add-books-pantry.spec.ts:337:7 › Slice 08b meal add books pantry — RECIPEBOOK + PANTRY paths › opens recipe book detail and displays recipes
[WebServer] (node:21371) Warning: The 'NO_COLOR' env is ignored due to the 'FORCE_COLOR' env being set.
[WebServer] (Use `node --trace-warnings ...` to show where the warning was created)

[WebServer] (node:21377) Warning: The 'NO_COLOR' env is ignored due to the 'FORCE_COLOR' env being set.
[WebServer] (Use `node --trace-warnings ...` to show where the warning was created)

[WebServer] (node:21392) Warning: The 'NO_COLOR' env is ignored due to the 'FORCE_COLOR' env being set.
[WebServer] (Use `node --trace-warnings ...` to show where the warning was created)

[865/1215] [mobile-ios-small] › tests/e2e/slice-09-shopping-preview-create.spec.ts:301:9 › slice 09: shopping preview and list creation › ready state › should select and clear every recipe
[866/1215] [mobile-ios-small] › tests/e2e/slice-07-meal-manage.spec.ts:392:7 › Slice 07 meal manage — MEAL_SCREEN › delete button shows confirmation modal
[867/1215] [mobile-ios-small] › tests/e2e/slice-08b-meal-add-books-pantry.spec.ts:359:7 › Slice 08b meal add books pantry — RECIPEBOOK + PANTRY paths › shows empty state when recipe book has no recipes
[WebServer] (node:21499) Warning: The 'NO_COLOR' env is ignored due to the 'FORCE_COLOR' env being set.
[WebServer] (Use `node --trace-warnings ...` to show where the warning was created)

[868/1215] [mobile-ios-small] › tests/e2e/slice-10a-shopping-detail-interact.spec.ts:199:9 › slice 10a: shopping detail interact › empty state › should show empty state when all items are excluded
[869/1215] [mobile-chrome] › tests/e2e/slice-prepared-food-planner-entry.spec.ts:894:7 › prepared-food-planner-entry › auth round-trip restores a safe manual draft and returns focus after successful create
[870/1215] [mobile-ios-small] › tests/e2e/slice-09-shopping-preview-create.spec.ts:330:9 › slice 09: shopping preview and list creation › create shopping list › should create list and navigate to detail
[871/1215] [mobile-ios-small] › tests/e2e/slice-07-meal-manage.spec.ts:405:7 › Slice 07 meal manage — MEAL_SCREEN › delete confirm removes meal card and shows empty state when last
[WebServer] (node:21669) Warning: The 'NO_COLOR' env is ignored due to the 'FORCE_COLOR' env being set.
[WebServer] (Use `node --trace-warnings ...` to show where the warning was created)

[872/1215] [mobile-ios-small] › tests/e2e/slice-08b-meal-add-books-pantry.spec.ts:372:7 › Slice 08b meal add books pantry — RECIPEBOOK + PANTRY paths › navigates back from recipe book detail to selector
[WebServer] (node:21701) Warning: The 'NO_COLOR' env is ignored due to the 'FORCE_COLOR' env being set.
[WebServer] (Use `node --trace-warnings ...` to show where the warning was created)

[873/1215] [mobile-ios-small] › tests/e2e/slice-10a-shopping-detail-interact.spec.ts:228:9 › slice 10a: shopping detail interact › happy path › should render list detail with purchase and excluded sections @smoke-core
[WebServer] (node:21707) Warning: The 'NO_COLOR' env is ignored due to the 'FORCE_COLOR' env being set.
[WebServer] (Use `node --trace-warnings ...` to show where the warning was created)

[874/1215] [mobile-ios-small] › tests/e2e/slice-07-meal-manage.spec.ts:422:7 › Slice 07 meal manage — MEAL_SCREEN › delete cancel dismisses modal without removing card
[875/1215] [mobile-ios-small] › tests/e2e/slice-08b-meal-add-books-pantry.spec.ts:396:7 › Slice 08b meal add books pantry — RECIPEBOOK + PANTRY paths › creates meal from recipe book and navigates back
[WebServer] (node:21730) Warning: The 'NO_COLOR' env is ignored due to the 'FORCE_COLOR' env being set.
[WebServer] (Use `node --trace-warnings ...` to show where the warning was created)

[876/1215] [mobile-ios-small] › tests/e2e/slice-10a-shopping-detail-interact.spec.ts:247:9 › slice 10a: shopping detail interact › happy path › should toggle item check status
[WebServer] (node:21737) Warning: The 'NO_COLOR' env is ignored due to the 'FORCE_COLOR' env being set.
[WebServer] (Use `node --trace-warnings ...` to show where the warning was created)

[WebServer] (node:21743) Warning: The 'NO_COLOR' env is ignored due to the 'FORCE_COLOR' env being set.
[WebServer] (Use `node --trace-warnings ...` to show where the warning was created)

[877/1215] [mobile-ios-small] › tests/e2e/slice-09-shopping-preview-create.spec.ts:379:9 › slice 09: shopping preview and list creation › create shopping list › should submit only selected meals
[878/1215] [mobile-ios-small] › tests/e2e/slice-07-meal-manage.spec.ts:440:7 › Slice 07 meal manage — MEAL_SCREEN › no horizontal overflow on meal screen
[WebServer] (node:21765) Warning: The 'NO_COLOR' env is ignored due to the 'FORCE_COLOR' env being set.
[WebServer] (Use `node --trace-warnings ...` to show where the warning was created)

[WebServer] (node:21767) Warning: The 'NO_COLOR' env is ignored due to the 'FORCE_COLOR' env being set.
[WebServer] (Use `node --trace-warnings ...` to show where the warning was created)

[879/1215] [mobile-chrome] › tests/e2e/slice-prepared-food-planner-entry.spec.ts:915:7 › prepared-food-planner-entry › picker/create keeps scroll, focus, 44px controls, dirty ESC, and sticky actions safe
[880/1215] [mobile-ios-small] › tests/e2e/slice-10a-shopping-detail-interact.spec.ts:283:9 › slice 10a: shopping detail interact › happy path › should move item to excluded section
[WebServer] (node:21786) Warning: The 'NO_COLOR' env is ignored due to the 'FORCE_COLOR' env being set.
[WebServer] (Use `node --trace-warnings ...` to show where the warning was created)

[881/1215] [mobile-ios-small] › tests/e2e/slice-09-shopping-preview-create.spec.ts:426:9 › slice 09: shopping preview and list creation › create shopping list › should submit the planned shopping servings without local adjustment
[882/1215] [mobile-ios-small] › tests/e2e/slice-08b-meal-add-books-pantry.spec.ts:430:7 › Slice 08b meal add books pantry — RECIPEBOOK + PANTRY paths › replaces menu-add history after recipe book meal creation
[883/1215] [mobile-ios-small] › tests/e2e/slice-07-meal-manage.spec.ts:459:7 › Slice 07 meal manage — MEAL_SCREEN › clicking recipe title navigates to RECIPE_DETAIL (Wave1)
[WebServer] (node:21836) Warning: The 'NO_COLOR' env is ignored due to the 'FORCE_COLOR' env being set.
[WebServer] (Use `node --trace-warnings ...` to show where the warning was created)

[884/1215] [mobile-ios-small] › tests/e2e/slice-10a-shopping-detail-interact.spec.ts:320:9 › slice 10a: shopping detail interact › happy path › should restore item from excluded section
[885/1215] [mobile-chrome] › tests/e2e/slice-prepared-food-planner-entry.spec.ts:975:7 › prepared-food-planner-entry › desktop FOOD_PRODUCT_CREATE의 등록 CTA가 1280×900 첫 화면 안에 보인다
[WebServer] (node:21933) Warning: The 'NO_COLOR' env is ignored due to the 'FORCE_COLOR' env being set.
[WebServer] (Use `node --trace-warnings ...` to show where the warning was created)

[886/1215] [mobile-ios-small] › tests/e2e/slice-09-shopping-preview-create.spec.ts:473:9 › slice 09: shopping preview and list creation › create shopping list › should show creating state
[WebServer] (node:21946) Warning: The 'NO_COLOR' env is ignored due to the 'FORCE_COLOR' env being set.
[WebServer] (Use `node --trace-warnings ...` to show where the warning was created)

[887/1215] [mobile-ios-small] › tests/e2e/slice-10a-shopping-detail-interact.spec.ts:358:9 › slice 10a: shopping detail interact › read-only mode › should show read-only notice for completed list
[888/1215] [mobile-ios-small] › tests/e2e/slice-09-shopping-preview-create.spec.ts:497:9 › slice 09: shopping preview and list creation › create shopping list › should handle 409 conflict error
[889/1215] [mobile-chrome] › tests/e2e/slice-prepared-food-planner-entry.spec.ts:993:7 › prepared-food-planner-entry › product edit/delete dialogs trap focus, inert background, lock scroll, and return focus
[WebServer] (node:21974) Warning: The 'NO_COLOR' env is ignored due to the 'FORCE_COLOR' env being set.
[WebServer] (Use `node --trace-warnings ...` to show where the warning was created)

[890/1215] [mobile-ios-small] › tests/e2e/slice-07-meal-manage.spec.ts:475:7 › Slice 07 meal manage — MEAL_SCREEN › delete uses trash icon button with data-testid (Wave1)
[WebServer] (node:22000) Warning: The 'NO_COLOR' env is ignored due to the 'FORCE_COLOR' env being set.
[WebServer] (Use `node --trace-warnings ...` to show where the warning was created)

[WebServer] (node:22012) Warning: The 'NO_COLOR' env is ignored due to the 'FORCE_COLOR' env being set.
[WebServer] (Use `node --trace-warnings ...` to show where the warning was created)

[891/1215] [mobile-ios-small] › tests/e2e/slice-10a-shopping-detail-interact.spec.ts:379:9 › slice 10a: shopping detail interact › read-only mode › should not show action buttons in read-only mode
[WebServer] (node:22030) Warning: The 'NO_COLOR' env is ignored due to the 'FORCE_COLOR' env being set.
[WebServer] (Use `node --trace-warnings ...` to show where the warning was created)

[WebServer] (node:22173) Warning: The 'NO_COLOR' env is ignored due to the 'FORCE_COLOR' env being set.
[WebServer] (Use `node --trace-warnings ...` to show where the warning was created)

[892/1215] [mobile-ios-small] › tests/e2e/slice-09-shopping-preview-create.spec.ts:531:9 › slice 09: shopping preview and list creation › navigation › should handle shopping prep navigation for the current viewport
[893/1215] [mobile-chrome] › tests/e2e/slice-prepared-food-planner-entry.spec.ts:1033:7 › prepared-food-planner-entry › captures same-fixture pre-Stage4 evidence from the explicit base server
[894/1215] [mobile-chrome] › tests/e2e/slice-prepared-food-planner-entry.spec.ts:1074:7 › prepared-food-planner-entry › prepared-food-search-relevance: 390·320·desktop Stage 4 evidence와 unauthorized return을 남긴다
[895/1215] [mobile-ios-small] › tests/e2e/slice-07-meal-manage.spec.ts:495:7 › Slice 07 meal manage — MEAL_SCREEN › status tags are visible on meal cards without status selectors (Wave1)
[WebServer] (node:22289) Warning: The 'NO_COLOR' env is ignored due to the 'FORCE_COLOR' env being set.
[WebServer] (Use `node --trace-warnings ...` to show where the warning was created)

[896/1215] [mobile-ios-small] › tests/e2e/slice-10a-shopping-detail-interact.spec.ts:398:9 › slice 10a: shopping detail interact › read-only mode › should hide checkboxes in read-only mode
[WebServer] (node:22294) Warning: The 'NO_COLOR' env is ignored due to the 'FORCE_COLOR' env being set.
[WebServer] (Use `node --trace-warnings ...` to show where the warning was created)

[WebServer] (node:22301) Warning: The 'NO_COLOR' env is ignored due to the 'FORCE_COLOR' env being set.
[WebServer] (Use `node --trace-warnings ...` to show where the warning was created)

[897/1215] [mobile-ios-small] › tests/e2e/slice-08b-meal-add-books-pantry.spec.ts:466:7 › Slice 08b meal add books pantry — RECIPEBOOK + PANTRY paths › returns from meal screen to planner on the first back tap after creation
[898/1215] [mobile-ios-small] › tests/e2e/slice-10b-shopping-share-text.spec.ts:140:9 › slice 10b: shopping share text › clipboard fallback (deterministic) › should copy share text to clipboard and show success toast
[WebServer] (node:22318) Warning: The 'NO_COLOR' env is ignored due to the 'FORCE_COLOR' env being set.
[WebServer] (Use `node --trace-warnings ...` to show where the warning was created)

[899/1215] [mobile-ios-small] › tests/e2e/slice-10a-shopping-detail-interact.spec.ts:416:9 › slice 10a: shopping detail interact › conflict handling › should switch to read-only mode when update returns 409 conflict
[900/1215] [mobile-ios-small] › tests/e2e/slice-09-shopping-preview-create.spec.ts:555:9 › slice 09: shopping preview and list creation › unauthorized › should redirect to login when not authenticated
[WebServer] (node:22329) Warning: The 'NO_COLOR' env is ignored due to the 'FORCE_COLOR' env being set.
[WebServer] (Use `node --trace-warnings ...` to show where the warning was created)

[WebServer] (node:22335) Warning: The 'NO_COLOR' env is ignored due to the 'FORCE_COLOR' env being set.
[WebServer] (Use `node --trace-warnings ...` to show where the warning was created)

[901/1215] [mobile-ios-small] › tests/e2e/slice-10b-shopping-share-text.spec.ts:181:9 › slice 10b: shopping share text › clipboard fallback (deterministic) › should show empty feedback when all items are pantry-excluded
[WebServer] (node:22347) Warning: The 'NO_COLOR' env is ignored due to the 'FORCE_COLOR' env being set.
[WebServer] (Use `node --trace-warnings ...` to show where the warning was created)

[WebServer] (node:22352) Warning: The 'NO_COLOR' env is ignored due to the 'FORCE_COLOR' env being set.
[WebServer] (Use `node --trace-warnings ...` to show where the warning was created)

[902/1215] [mobile-ios-small] › tests/e2e/slice-11-shopping-reorder.spec.ts:149:7 › slice 11: shopping item movement controls removed › does not render item up/down controls on the web shopping screen
[WebServer] (node:22437) Warning: The 'NO_COLOR' env is ignored due to the 'FORCE_COLOR' env being set.
[WebServer] (Use `node --trace-warnings ...` to show where the warning was created)

[903/1215] [mobile-ios-small] › tests/e2e/slice-12a-shopping-complete.spec.ts:179:9 › slice 12a: shopping complete › complete button visibility › should show complete button for incomplete lists
[904/1215] [mobile-ios-small] › tests/e2e/slice-10b-shopping-share-text.spec.ts:215:9 › slice 10b: shopping share text › clipboard fallback (deterministic) › should show error toast when share-text API fails
[WebServer] (node:22484) Warning: The 'NO_COLOR' env is ignored due to the 'FORCE_COLOR' env being set.
[WebServer] (Use `node --trace-warnings ...` to show where the warning was created)

[905/1215] [mobile-ios-small] › tests/e2e/slice-11-shopping-reorder.spec.ts:173:7 › slice 11: shopping item movement controls removed › does not render item up/down controls on the app shopping screen
[WebServer] (node:22503) Warning: The 'NO_COLOR' env is ignored due to the 'FORCE_COLOR' env being set.
[WebServer] (Use `node --trace-warnings ...` to show where the warning was created)

[906/1215] [mobile-ios-small] › tests/e2e/slice-12a-shopping-complete.spec.ts:191:9 › slice 12a: shopping complete › complete button visibility › should hide complete button for completed lists
[WebServer] (node:22507) Warning: The 'NO_COLOR' env is ignored due to the 'FORCE_COLOR' env being set.
[WebServer] (Use `node --trace-warnings ...` to show where the warning was created)

[907/1215] [mobile-ios-small] › tests/e2e/slice-12b-shopping-pantry-reflect.spec.ts:144:9 › slice 12b: shopping pantry reflect › pantry reflection popup › should show popup when clicking complete button
[WebServer] (node:22516) Warning: The 'NO_COLOR' env is ignored due to the 'FORCE_COLOR' env being set.
[WebServer] (Use `node --trace-warnings ...` to show where the warning was created)

[908/1215] [mobile-ios-small] › tests/e2e/slice-11-shopping-reorder.spec.ts:186:7 › slice 11: shopping item movement controls removed › keeps completed lists read-only without reorder controls
[WebServer] (node:22528) Warning: The 'NO_COLOR' env is ignored due to the 'FORCE_COLOR' env being set.
[WebServer] (Use `node --trace-warnings ...` to show where the warning was created)

[909/1215] [mobile-ios-small] › tests/e2e/slice-08b-meal-add-books-pantry.spec.ts:505:7 › Slice 08b meal add books pantry — RECIPEBOOK + PANTRY paths › opens pantry match picker and displays recommendations
[910/1215] [mobile-ios-small] › tests/e2e/slice-12a-shopping-complete.spec.ts:211:9 › slice 12a: shopping complete › complete flow › should complete shopping list successfully
[911/1215] [mobile-ios-small] › tests/e2e/slice-12b-shopping-pantry-reflect.spec.ts:167:9 › slice 12b: shopping pantry reflect › pantry reflection popup › should complete with all items when every popup item remains selected
[WebServer] (node:22548) Warning: The 'NO_COLOR' env is ignored due to the 'FORCE_COLOR' env being set.
[WebServer] (Use `node --trace-warnings ...` to show where the warning was created)

[912/1215] [mobile-ios-small] › tests/e2e/slice-13-pantry-core.spec.ts:286:7 › PANTRY screen › shows login gate for unauthenticated users
[WebServer] (node:22558) Warning: The 'NO_COLOR' env is ignored due to the 'FORCE_COLOR' env being set.
[WebServer] (Use `node --trace-warnings ...` to show where the warning was created)

[913/1215] [mobile-ios-small] › tests/e2e/slice-08b-meal-add-books-pantry.spec.ts:554:7 › Slice 08b meal add books pantry — RECIPEBOOK + PANTRY paths › shows empty state when no pantry recommendations
[WebServer] (node:22567) Warning: The 'NO_COLOR' env is ignored due to the 'FORCE_COLOR' env being set.
[WebServer] (Use `node --trace-warnings ...` to show where the warning was created)

[914/1215] [mobile-ios-small] › tests/e2e/slice-12a-shopping-complete.spec.ts:260:9 › slice 12a: shopping complete › complete flow › keeps the completed meal visible in planner with shopping_done status
[915/1215] [mobile-ios-small] › tests/e2e/slice-12b-shopping-pantry-reflect.spec.ts:217:9 › slice 12b: shopping pantry reflect › pantry reflection popup › should complete with no pantry items when 반영 안 함 is selected
[WebServer] (node:22581) Warning: The 'NO_COLOR' env is ignored due to the 'FORCE_COLOR' env being set.
[WebServer] (Use `node --trace-warnings ...` to show where the warning was created)

[916/1215] [mobile-ios-small] › tests/e2e/slice-13-pantry-core.spec.ts:294:7 › PANTRY screen › shows pantry items after authentication
[WebServer] (node:22588) Warning: The 'NO_COLOR' env is ignored due to the 'FORCE_COLOR' env being set.
[WebServer] (Use `node --trace-warnings ...` to show where the warning was created)

[917/1215] [mobile-ios-small] › tests/e2e/slice-08b-meal-add-books-pantry.spec.ts:566:7 › Slice 08b meal add books pantry — RECIPEBOOK + PANTRY paths › creates meal from pantry match and navigates back
[918/1215] [mobile-ios-small] › tests/e2e/slice-12b-shopping-pantry-reflect.spec.ts:265:9 › slice 12b: shopping pantry reflect › pantry reflection popup › should complete with selected pantry reflection items
[919/1215] [mobile-ios-small] › tests/e2e/slice-13-pantry-core.spec.ts:306:7 › PANTRY screen › loads plush-v2 pantry stickers at display-safe resolution
[920/1215] [mobile-ios-small] › tests/e2e/slice-12a-shopping-complete.spec.ts:327:9 › slice 12a: shopping complete › complete flow › should handle 401 error by redirecting to login
[WebServer] (node:22726) Warning: The 'NO_COLOR' env is ignored due to the 'FORCE_COLOR' env being set.
[WebServer] (Use `node --trace-warnings ...` to show where the warning was created)

[921/1215] [mobile-ios-small] › tests/e2e/slice-12b-shopping-pantry-reflect.spec.ts:327:9 › slice 12b: shopping pantry reflect › pantry reflection popup › should cancel popup without completing
[922/1215] [mobile-ios-small] › tests/e2e/slice-13-pantry-core.spec.ts:330:7 › PANTRY screen › shows only owned pantry items without missing ingredient toggles
[WebServer] (node:22742) Warning: The 'NO_COLOR' env is ignored due to the 'FORCE_COLOR' env being set.
[WebServer] (Use `node --trace-warnings ...` to show where the warning was created)

[923/1215] [mobile-ios-small] › tests/e2e/slice-08b-meal-add-books-pantry.spec.ts:607:7 › Slice 08b meal add books pantry — RECIPEBOOK + PANTRY paths › allows canceling servings modal in pantry flow
[WebServer] (node:22748) Warning: The 'NO_COLOR' env is ignored due to the 'FORCE_COLOR' env being set.
[WebServer] (Use `node --trace-warnings ...` to show where the warning was created)

[WebServer] (node:22756) Warning: The 'NO_COLOR' env is ignored due to the 'FORCE_COLOR' env being set.
[WebServer] (Use `node --trace-warnings ...` to show where the warning was created)

[924/1215] [mobile-ios-small] › tests/e2e/slice-12b-shopping-pantry-reflect.spec.ts:362:9 › slice 12b: shopping pantry reflect › pantry reflection popup › should show checked purchase items and already-have items in popup
[925/1215] [mobile-ios-small] › tests/e2e/slice-13-pantry-core.spec.ts:343:7 › PANTRY screen › selects all visible pantry items in edit mode
[926/1215] [mobile-ios-small] › tests/e2e/slice-15a-cook-planner-complete.spec.ts:151:7 › Slice 15a cook planner complete › authenticated user sees cook-mode with recipe data
[927/1215] [mobile-ios-small] › tests/e2e/slice-12a-shopping-complete.spec.ts:362:9 › slice 12a: shopping complete › complete flow › should handle 409 conflict error
[WebServer] (node:22783) Warning: The 'NO_COLOR' env is ignored due to the 'FORCE_COLOR' env being set.
[WebServer] (Use `node --trace-warnings ...` to show where the warning was created)

[928/1215] [mobile-ios-small] › tests/e2e/slice-12b-shopping-pantry-reflect.spec.ts:419:9 › slice 12b: shopping pantry reflect › pantry reflection visual feedback › should show 'pantry added' indicator after completion
[WebServer] (node:22918) Warning: The 'NO_COLOR' env is ignored due to the 'FORCE_COLOR' env being set.
[WebServer] (Use `node --trace-warnings ...` to show where the warning was created)

[WebServer] (node:22920) Warning: The 'NO_COLOR' env is ignored due to the 'FORCE_COLOR' env being set.
[WebServer] (Use `node --trace-warnings ...` to show where the warning was created)

[929/1215] [mobile-ios-small] › tests/e2e/slice-13-pantry-core.spec.ts:364:7 › PANTRY screen › shows empty state when no items exist
[930/1215] [mobile-ios-small] › tests/e2e/slice-15a-cook-planner-complete.spec.ts:176:7 › Slice 15a cook planner complete › whole-board keeps compact step layout with ingredient emphasis
[931/1215] [mobile-ios-small] › tests/e2e/slice-12a-shopping-complete.spec.ts:397:9 › slice 12a: shopping complete › complete flow › should handle generic API error
[WebServer] (node:22943) Warning: The 'NO_COLOR' env is ignored due to the 'FORCE_COLOR' env being set.
[WebServer] (Use `node --trace-warnings ...` to show where the warning was created)

[WebServer] (node:22956) Warning: The 'NO_COLOR' env is ignored due to the 'FORCE_COLOR' env being set.
[WebServer] (Use `node --trace-warnings ...` to show where the warning was created)

[932/1215] [mobile-ios-small] › tests/e2e/slice-13-pantry-core.spec.ts:380:7 › PANTRY screen › selects items and deletes them
[933/1215] [mobile-ios-small] › tests/e2e/slice-15b-cook-standalone-complete.spec.ts:145:7 › 15b standalone cook mode › happy path: enter standalone cook mode, view data, complete with consumed ingredients, return to recipe
[WebServer] (node:22963) Warning: The 'NO_COLOR' env is ignored due to the 'FORCE_COLOR' env being set.
[WebServer] (Use `node --trace-warnings ...` to show where the warning was created)

[934/1215] [mobile-ios-small] › tests/e2e/slice-15a-cook-planner-complete.spec.ts:217:7 › Slice 15a cook planner complete › whole-board shows all ingredients and all steps without navigation
[WebServer] (node:22973) Warning: The 'NO_COLOR' env is ignored due to the 'FORCE_COLOR' env being set.
[WebServer] (Use `node --trace-warnings ...` to show where the warning was created)

[935/1215] [mobile-ios-small] › tests/e2e/slice-12a-shopping-complete.spec.ts:434:9 › slice 12a: shopping complete › read-only UI after completion › should disable check/exclude/reorder controls for completed lists
[WebServer] (node:22985) Warning: The 'NO_COLOR' env is ignored due to the 'FORCE_COLOR' env being set.
[WebServer] (Use `node --trace-warnings ...` to show where the warning was created)

[WebServer] (node:22988) Warning: The 'NO_COLOR' env is ignored due to the 'FORCE_COLOR' env being set.
[WebServer] (Use `node --trace-warnings ...` to show where the warning was created)

[936/1215] [mobile-ios-small] › tests/e2e/slice-13-pantry-core.spec.ts:411:7 › PANTRY screen › opens the add ingredient sheet and adds items
[WebServer] (node:22994) Warning: The 'NO_COLOR' env is ignored due to the 'FORCE_COLOR' env being set.
[WebServer] (Use `node --trace-warnings ...` to show where the warning was created)

[937/1215] [mobile-ios-small] › tests/e2e/slice-15a-cook-planner-complete.spec.ts:242:7 › Slice 15a cook planner complete › complete flow: selects consumed ingredients and returns to planner
[938/1215] [mobile-ios-small] › tests/e2e/slice-16-leftovers.spec.ts:296:7 › LEFTOVERS screen › shows leftover list when authenticated
[WebServer] (node:23009) Warning: The 'NO_COLOR' env is ignored due to the 'FORCE_COLOR' env being set.
[WebServer] (Use `node --trace-warnings ...` to show where the warning was created)

[WebServer] (node:23016) Warning: The 'NO_COLOR' env is ignored due to the 'FORCE_COLOR' env being set.
[WebServer] (Use `node --trace-warnings ...` to show where the warning was created)

[939/1215] [mobile-ios-small] › tests/e2e/slice-13-pantry-core.spec.ts:432:7 › PANTRY screen › opens the bundle picker and shows bundles
[940/1215] [mobile-ios-small] › tests/e2e/slice-16-leftovers.spec.ts:321:7 › LEFTOVERS screen › keeps legacy action targets clear of the bottom tab at 390px
[941/1215] [mobile-ios-small] › tests/e2e/slice-15b-cook-standalone-complete.spec.ts:189:7 › 15b standalone cook mode › cancel returns to recipe detail without API call
[WebServer] (node:23143) Warning: The 'NO_COLOR' env is ignored due to the 'FORCE_COLOR' env being set.
[WebServer] (Use `node --trace-warnings ...` to show where the warning was created)

[942/1215] [mobile-ios-small] › tests/e2e/slice-13-pantry-core.spec.ts:470:7 › PANTRY screen › searches pantry items and shows an empty result state
[943/1215] [mobile-ios-small] › tests/e2e/slice-15a-cook-planner-complete.spec.ts:293:7 › Slice 15a cook planner complete › empty consumed ingredients returns to planner
[WebServer] (node:23161) Warning: The 'NO_COLOR' env is ignored due to the 'FORCE_COLOR' env being set.
[WebServer] (Use `node --trace-warnings ...` to show where the warning was created)

[944/1215] [mobile-ios-small] › tests/e2e/slice-16-leftovers.spec.ts:344:7 › LEFTOVERS screen › eat action removes item from list
[WebServer] (node:23171) Warning: The 'NO_COLOR' env is ignored due to the 'FORCE_COLOR' env being set.
[WebServer] (Use `node --trace-warnings ...` to show where the warning was created)

[945/1215] [mobile-ios-small] › tests/e2e/slice-13-pantry-core.spec.ts:485:7 › PANTRY screen › filters items by category chip
[WebServer] (node:23186) Warning: The 'NO_COLOR' env is ignored due to the 'FORCE_COLOR' env being set.
[WebServer] (Use `node --trace-warnings ...` to show where the warning was created)

[946/1215] [mobile-ios-small] › tests/e2e/slice-15b-cook-standalone-complete.spec.ts:203:7 › 15b standalone cook mode › unauthenticated user sees login gate on complete attempt
  4) [mobile-ios-small] › tests/e2e/slice-16-leftovers.spec.ts:344:7 › LEFTOVERS screen › eat action removes item from list

    Error: {"centerHitTarget":true,"lowerHitTarget":false,"target":{"bottom":509.4375,"height":44,"top":465.4375,"width":82},"tab":{"top":496},"requiredMaximumBottom":480}

    expect(received).toBeLessThanOrEqual(expected)

    Expected: <= 480
    Received:    509.4375

      91 |   expect
      92 |     .soft(geometry.target.bottom, JSON.stringify(geometry))
    > 93 |     .toBeLessThanOrEqual(geometry.requiredMaximumBottom);
         |      ^
      94 |   expect.soft(geometry.centerHitTarget, JSON.stringify(geometry)).toBe(true);
      95 |   expect.soft(geometry.lowerHitTarget, JSON.stringify(geometry)).toBe(true);
      96 | }
        at expectMobileActionClearOfBottomTab (/Users/cwj/.codex/worktrees/f2a2/homecook/tests/e2e/slice-16-leftovers.spec.ts:93:6)
        at /Users/cwj/.codex/worktrees/f2a2/homecook/tests/e2e/slice-16-leftovers.spec.ts:351:5

    Error: {"centerHitTarget":true,"lowerHitTarget":false,"target":{"bottom":509.4375,"height":44,"top":465.4375,"width":82},"tab":{"top":496},"requiredMaximumBottom":480}

    expect(received).toBe(expected) // Object.is equality

    Expected: true
    Received: false

      93 |     .toBeLessThanOrEqual(geometry.requiredMaximumBottom);
      94 |   expect.soft(geometry.centerHitTarget, JSON.stringify(geometry)).toBe(true);
    > 95 |   expect.soft(geometry.lowerHitTarget, JSON.stringify(geometry)).toBe(true);
         |                                                                  ^
      96 | }
      97 |
      98 | async function setAuthOverride(page: Page, value: "authenticated" | "guest") {
        at expectMobileActionClearOfBottomTab (/Users/cwj/.codex/worktrees/f2a2/homecook/tests/e2e/slice-16-leftovers.spec.ts:95:66)
        at /Users/cwj/.codex/worktrees/f2a2/homecook/tests/e2e/slice-16-leftovers.spec.ts:351:5

    attachment #1: screenshot (image/png) ──────────────────────────────────────────────────────────
    test-results/slice-16-leftovers-LEFTOVE-83e96-tion-removes-item-from-list-mobile-ios-small/test-failed-1.png
    ────────────────────────────────────────────────────────────────────────────────────────────────

    attachment #2: video (video/webm) ──────────────────────────────────────────────────────────────
    test-results/slice-16-leftovers-LEFTOVE-83e96-tion-removes-item-from-list-mobile-ios-small/video.webm
    ────────────────────────────────────────────────────────────────────────────────────────────────

    Error Context: test-results/slice-16-leftovers-LEFTOVE-83e96-tion-removes-item-from-list-mobile-ios-small/error-context.md


(node:23193) Warning: The 'NO_COLOR' env is ignored due to the 'FORCE_COLOR' env being set.
(Use `node --trace-warnings ...` to show where the warning was created)


[947/1215] [mobile-ios-small] › tests/e2e/slice-15a-cook-planner-complete.spec.ts:310:7 › Slice 15a cook planner complete › cancel flow: opens confirm, clicks yes, returns to planner
(node:23193) Warning: The 'NO_COLOR' env is ignored due to the 'FORCE_COLOR' env being set.
(Use `node --trace-warnings ...` to show where the warning was created)


[948/1215] [mobile-ios-small] › tests/e2e/slice-17a-mypage.spec.ts:498:7 › MYPAGE screen › shows profile and recipe books when authenticated @smoke-core
[949/1215] [mobile-ios-small] › tests/e2e/slice-16-leftovers.spec.ts:360:7 › LEFTOVERS screen › shows empty state when all leftovers are eaten
[WebServer] (node:23214) Warning: The 'NO_COLOR' env is ignored due to the 'FORCE_COLOR' env being set.
[WebServer] (Use `node --trace-warnings ...` to show where the warning was created)

[950/1215] [mobile-ios-small] › tests/e2e/slice-15b-cook-standalone-complete.spec.ts:225:7 › 15b standalone cook mode › standalone cook mode uses whole-board without tab or step controls
[WebServer] (node:23250) Warning: The 'NO_COLOR' env is ignored due to the 'FORCE_COLOR' env being set.
[WebServer] (Use `node --trace-warnings ...` to show where the warning was created)

[WebServer] (node:23258) Warning: The 'NO_COLOR' env is ignored due to the 'FORCE_COLOR' env being set.
[WebServer] (Use `node --trace-warnings ...` to show where the warning was created)

[951/1215] [mobile-ios-small] › tests/e2e/slice-15b-cook-standalone-complete.spec.ts:246:7 › 15b standalone cook mode › complete with empty consumed_ingredient_ids
  5) [mobile-ios-small] › tests/e2e/slice-16-leftovers.spec.ts:360:7 › LEFTOVERS screen › shows empty state when all leftovers are eaten

    Error: {"centerHitTarget":true,"lowerHitTarget":false,"target":{"bottom":509.4375,"height":44,"top":465.4375,"width":82},"tab":{"top":496},"requiredMaximumBottom":480}

    expect(received).toBeLessThanOrEqual(expected)

    Expected: <= 480
    Received:    509.4375

      91 |   expect
      92 |     .soft(geometry.target.bottom, JSON.stringify(geometry))
    > 93 |     .toBeLessThanOrEqual(geometry.requiredMaximumBottom);
         |      ^
      94 |   expect.soft(geometry.centerHitTarget, JSON.stringify(geometry)).toBe(true);
      95 |   expect.soft(geometry.lowerHitTarget, JSON.stringify(geometry)).toBe(true);
      96 | }
        at expectMobileActionClearOfBottomTab (/Users/cwj/.codex/worktrees/f2a2/homecook/tests/e2e/slice-16-leftovers.spec.ts:93:6)
        at /Users/cwj/.codex/worktrees/f2a2/homecook/tests/e2e/slice-16-leftovers.spec.ts:369:5

    Error: {"centerHitTarget":true,"lowerHitTarget":false,"target":{"bottom":509.4375,"height":44,"top":465.4375,"width":82},"tab":{"top":496},"requiredMaximumBottom":480}

    expect(received).toBe(expected) // Object.is equality

    Expected: true
    Received: false

      93 |     .toBeLessThanOrEqual(geometry.requiredMaximumBottom);
      94 |   expect.soft(geometry.centerHitTarget, JSON.stringify(geometry)).toBe(true);
    > 95 |   expect.soft(geometry.lowerHitTarget, JSON.stringify(geometry)).toBe(true);
         |                                                                  ^
      96 | }
      97 |
      98 | async function setAuthOverride(page: Page, value: "authenticated" | "guest") {
        at expectMobileActionClearOfBottomTab (/Users/cwj/.codex/worktrees/f2a2/homecook/tests/e2e/slice-16-leftovers.spec.ts:95:66)
        at /Users/cwj/.codex/worktrees/f2a2/homecook/tests/e2e/slice-16-leftovers.spec.ts:369:5

    attachment #1: screenshot (image/png) ──────────────────────────────────────────────────────────
    test-results/slice-16-leftovers-LEFTOVE-4ce44-hen-all-leftovers-are-eaten-mobile-ios-small/test-failed-1.png
    ────────────────────────────────────────────────────────────────────────────────────────────────

    attachment #2: video (video/webm) ──────────────────────────────────────────────────────────────
    test-results/slice-16-leftovers-LEFTOVE-4ce44-hen-all-leftovers-are-eaten-mobile-ios-small/video.webm
    ────────────────────────────────────────────────────────────────────────────────────────────────

    Error Context: test-results/slice-16-leftovers-LEFTOVE-4ce44-hen-all-leftovers-are-eaten-mobile-ios-small/error-context.md


(node:23268) Warning: The 'NO_COLOR' env is ignored due to the 'FORCE_COLOR' env being set.
(Use `node --trace-warnings ...` to show where the warning was created)


[952/1215] [mobile-ios-small] › tests/e2e/slice-15a-cook-planner-complete.spec.ts:331:7 › Slice 15a cook planner complete › guest user sees login gate
(node:23268) Warning: The 'NO_COLOR' env is ignored due to the 'FORCE_COLOR' env being set.
(Use `node --trace-warnings ...` to show where the warning was created)


[953/1215] [mobile-ios-small] › tests/e2e/slice-17a-mypage.spec.ts:536:7 › MYPAGE screen › keeps MYPAGE usable when the progress endpoint fails
[954/1215] [mobile-ios-small] › tests/e2e/slice-16-leftovers.spec.ts:376:7 › LEFTOVERS screen › planner add opens sheet
[WebServer] (node:23279) Warning: The 'NO_COLOR' env is ignored due to the 'FORCE_COLOR' env being set.
[WebServer] (Use `node --trace-warnings ...` to show where the warning was created)

[WebServer] (node:23336) Warning: The 'NO_COLOR' env is ignored due to the 'FORCE_COLOR' env being set.
[WebServer] (Use `node --trace-warnings ...` to show where the warning was created)

[955/1215] [mobile-ios-small] › tests/e2e/slice-15a-cook-planner-complete.spec.ts:341:7 › Slice 15a cook planner complete › cook mode has whole-board controls without tab, timer, or memo controls
[WebServer] (node:23401) Warning: The 'NO_COLOR' env is ignored due to the 'FORCE_COLOR' env being set.
[WebServer] (Use `node --trace-warnings ...` to show where the warning was created)

[956/1215] [mobile-ios-small] › tests/e2e/slice-17b-recipebook-detail.spec.ts:225:7 › RECIPEBOOK_DETAIL screen › shows error when recipebook does not exist
[WebServer] (node:23443) Warning: The 'NO_COLOR' env is ignored due to the 'FORCE_COLOR' env being set.
[WebServer] (Use `node --trace-warnings ...` to show where the warning was created)

  6) [mobile-ios-small] › tests/e2e/slice-16-leftovers.spec.ts:376:7 › LEFTOVERS screen › planner add opens sheet

    Error: {"centerHitTarget":true,"lowerHitTarget":false,"target":{"bottom":509.4375,"height":44,"top":465.4375,"width":112},"tab":{"top":496},"requiredMaximumBottom":480}

    expect(received).toBeLessThanOrEqual(expected)

    Expected: <= 480
    Received:    509.4375

      91 |   expect
      92 |     .soft(geometry.target.bottom, JSON.stringify(geometry))
    > 93 |     .toBeLessThanOrEqual(geometry.requiredMaximumBottom);
         |      ^
      94 |   expect.soft(geometry.centerHitTarget, JSON.stringify(geometry)).toBe(true);
      95 |   expect.soft(geometry.lowerHitTarget, JSON.stringify(geometry)).toBe(true);
      96 | }
        at expectMobileActionClearOfBottomTab (/Users/cwj/.codex/worktrees/f2a2/homecook/tests/e2e/slice-16-leftovers.spec.ts:93:6)
        at /Users/cwj/.codex/worktrees/f2a2/homecook/tests/e2e/slice-16-leftovers.spec.ts:383:5

    Error: {"centerHitTarget":true,"lowerHitTarget":false,"target":{"bottom":509.4375,"height":44,"top":465.4375,"width":112},"tab":{"top":496},"requiredMaximumBottom":480}

    expect(received).toBe(expected) // Object.is equality

    Expected: true
    Received: false

      93 |     .toBeLessThanOrEqual(geometry.requiredMaximumBottom);
      94 |   expect.soft(geometry.centerHitTarget, JSON.stringify(geometry)).toBe(true);
    > 95 |   expect.soft(geometry.lowerHitTarget, JSON.stringify(geometry)).toBe(true);
         |                                                                  ^
      96 | }
      97 |
      98 | async function setAuthOverride(page: Page, value: "authenticated" | "guest") {
        at expectMobileActionClearOfBottomTab (/Users/cwj/.codex/worktrees/f2a2/homecook/tests/e2e/slice-16-leftovers.spec.ts:95:66)
        at /Users/cwj/.codex/worktrees/f2a2/homecook/tests/e2e/slice-16-leftovers.spec.ts:383:5

    attachment #1: screenshot (image/png) ──────────────────────────────────────────────────────────
    test-results/slice-16-leftovers-LEFTOVERS-screen-planner-add-opens-sheet-mobile-ios-small/test-failed-1.png
    ────────────────────────────────────────────────────────────────────────────────────────────────

    attachment #2: video (video/webm) ──────────────────────────────────────────────────────────────
    test-results/slice-16-leftovers-LEFTOVERS-screen-planner-add-opens-sheet-mobile-ios-small/video.webm
    ────────────────────────────────────────────────────────────────────────────────────────────────

    Error Context: test-results/slice-16-leftovers-LEFTOVERS-screen-planner-add-opens-sheet-mobile-ios-small/error-context.md


(node:23453) Warning: The 'NO_COLOR' env is ignored due to the 'FORCE_COLOR' env being set.
(Use `node --trace-warnings ...` to show where the warning was created)


[957/1215] [mobile-ios-small] › tests/e2e/slice-15a-cook-planner-complete.spec.ts:358:7 › Slice 15a cook planner complete › bottom cancel and complete controls stay visible
(node:23462) Warning: The 'NO_COLOR' env is ignored due to the 'FORCE_COLOR' env being set.
(Use `node --trace-warnings ...` to show where the warning was created)


[958/1215] [mobile-ios-small] › tests/e2e/slice-17a-mypage.spec.ts:556:7 › MYPAGE screen › shows login gate for unauthenticated users
[WebServer] (node:23466) Warning: The 'NO_COLOR' env is ignored due to the 'FORCE_COLOR' env being set.
[WebServer] (Use `node --trace-warnings ...` to show where the warning was created)

(node:23453) Warning: The 'NO_COLOR' env is ignored due to the 'FORCE_COLOR' env being set.
(Use `node --trace-warnings ...` to show where the warning was created)


[959/1215] [mobile-ios-small] › tests/e2e/slice-16-leftovers.spec.ts:390:7 › LEFTOVERS screen › shows login gate for unauthenticated users
(node:23462) Warning: The 'NO_COLOR' env is ignored due to the 'FORCE_COLOR' env being set.
(Use `node --trace-warnings ...` to show where the warning was created)


[960/1215] [mobile-ios-small] › tests/e2e/slice-17b-recipebook-detail.spec.ts:248:7 › RECIPEBOOK_DETAIL screen › shows recipe list for saved book with remove buttons
[961/1215] [mobile-ios-small] › tests/e2e/slice-17c-settings.spec.ts:394:7 › SETTINGS screen › shows settings items when authenticated
[WebServer] (node:23504) Warning: The 'NO_COLOR' env is ignored due to the 'FORCE_COLOR' env being set.
[WebServer] (Use `node --trace-warnings ...` to show where the warning was created)

[962/1215] [mobile-ios-small] › tests/e2e/slice-15a-cook-planner-complete.spec.ts:368:7 › Slice 15a cook planner complete › 404 session shows not-found state
[963/1215] [mobile-ios-small] › tests/e2e/slice-17a-mypage.spec.ts:564:7 › MYPAGE screen › switches to shopping history tab and shows records
[WebServer] (node:23536) Warning: The 'NO_COLOR' env is ignored due to the 'FORCE_COLOR' env being set.
[WebServer] (Use `node --trace-warnings ...` to show where the warning was created)

[964/1215] [mobile-ios-small] › tests/e2e/slice-17b-recipebook-detail.spec.ts:284:7 › RECIPEBOOK_DETAIL screen › renames a custom book from the book-level menu
[WebServer] (node:23552) Warning: The 'NO_COLOR' env is ignored due to the 'FORCE_COLOR' env being set.
[WebServer] (Use `node --trace-warnings ...` to show where the warning was created)

[965/1215] [mobile-ios-small] › tests/e2e/slice-16-leftovers.spec.ts:398:7 › LEFTOVERS screen › has navigation link to ate-list
[966/1215] [mobile-ios-small] › tests/e2e/slice-17c-settings.spec.ts:419:7 › SETTINGS screen › shows login gate with login link for unauthenticated users
[967/1215] [mobile-ios-small] › tests/e2e/slice-18-manual-recipe-create.spec.ts:218:7 › Slice 18: Manual Recipe Create › authenticated happy path: create recipe and view detail
[WebServer] (node:23638) Warning: The 'NO_COLOR' env is ignored due to the 'FORCE_COLOR' env being set.
[WebServer] (Use `node --trace-warnings ...` to show where the warning was created)

[968/1215] [mobile-ios-small] › tests/e2e/slice-17b-recipebook-detail.spec.ts:302:7 › RECIPEBOOK_DETAIL screen › deletes a custom book from the book-level menu
[969/1215] [mobile-ios-small] › tests/e2e/slice-16-leftovers.spec.ts:417:7 › ATE_LIST screen › shows eaten items
[970/1215] [mobile-ios-small] › tests/e2e/slice-17c-settings.spec.ts:432:7 › SETTINGS screen › toggles screen wake lock
[971/1215] [mobile-ios-small] › tests/e2e/slice-17a-mypage.spec.ts:613:7 › MYPAGE screen › navigates to shopping detail when clicking a shopping history item
[WebServer] (node:23869) Warning: The 'NO_COLOR' env is ignored due to the 'FORCE_COLOR' env being set.
[WebServer] (Use `node --trace-warnings ...` to show where the warning was created)

[972/1215] [mobile-ios-small] › tests/e2e/slice-16-leftovers.spec.ts:445:7 › ATE_LIST screen › uneat action removes item from eaten list
[WebServer] (node:23892) Warning: The 'NO_COLOR' env is ignored due to the 'FORCE_COLOR' env being set.
[WebServer] (Use `node --trace-warnings ...` to show where the warning was created)

[973/1215] [mobile-ios-small] › tests/e2e/slice-17c-settings.spec.ts:448:7 › SETTINGS screen › settings toggle failure reverts value and shows error
[974/1215] [mobile-ios-small] › tests/e2e/slice-17b-recipebook-detail.spec.ts:319:7 › RECIPEBOOK_DETAIL screen › shows 좋아요 해제 label for liked books
[975/1215] [mobile-ios-small] › tests/e2e/slice-18-manual-recipe-create.spec.ts:294:7 › Slice 18: Manual Recipe Create › create failure shows error and allows retry
[976/1215] [mobile-ios-small] › tests/e2e/slice-16-leftovers.spec.ts:461:7 › ATE_LIST screen › shows login gate for unauthenticated users
[977/1215] [mobile-ios-small] › tests/e2e/slice-17c-settings.spec.ts:465:7 › SETTINGS screen › does not expose nickname editing on settings routes
[WebServer] (node:23917) Warning: The 'NO_COLOR' env is ignored due to the 'FORCE_COLOR' env being set.
[WebServer] (Use `node --trace-warnings ...` to show where the warning was created)

[978/1215] [mobile-ios-small] › tests/e2e/slice-17a-mypage.spec.ts:640:7 › MYPAGE screen › opens recipebook detail in the correct mypage context
[979/1215] [mobile-ios-small] › tests/e2e/slice-17b-recipebook-detail.spec.ts:328:7 › RECIPEBOOK_DETAIL screen › hides remove button for my_added books
[980/1215] [mobile-ios-small] › tests/e2e/slice-18-manual-recipe-create.spec.ts:379:7 › Slice 18: Manual Recipe Create › validation: cannot save without required fields
[981/1215] [mobile-ios-small] › tests/e2e/slice-16-leftovers.spec.ts:469:7 › ATE_LIST screen › shows empty state when no eaten items
[982/1215] [mobile-ios-small] › tests/e2e/slice-17c-settings.spec.ts:477:7 › SETTINGS screen › logout confirm triggers API and navigates home
[WebServer] (node:23942) Warning: The 'NO_COLOR' env is ignored due to the 'FORCE_COLOR' env being set.
[WebServer] (Use `node --trace-warnings ...` to show where the warning was created)

[983/1215] [mobile-ios-small] › tests/e2e/slice-17b-recipebook-detail.spec.ts:342:7 › RECIPEBOOK_DETAIL screen › loads next page without duplicate recipe cards
[984/1215] [mobile-ios-small] › tests/e2e/slice-16-leftovers.spec.ts:488:7 › ATE_LIST screen › has back link to leftovers
[985/1215] [mobile-ios-small] › tests/e2e/slice-18-manual-recipe-create.spec.ts:435:7 › Slice 18: Manual Recipe Create › guest: redirects to login with return-to-action
[WebServer] (node:23968) Warning: The 'NO_COLOR' env is ignored due to the 'FORCE_COLOR' env being set.
[WebServer] (Use `node --trace-warnings ...` to show where the warning was created)

[986/1215] [mobile-ios-small] › tests/e2e/slice-17b-recipebook-detail.spec.ts:443:7 › RECIPEBOOK_DETAIL screen › removes item from saved book with optimistic UI
[WebServer] (node:23974) Warning: The 'NO_COLOR' env is ignored due to the 'FORCE_COLOR' env being set.
[WebServer] (Use `node --trace-warnings ...` to show where the warning was created)

[987/1215] [mobile-ios-small] › tests/e2e/slice-19-youtube-import.spec.ts:328:7 › Slice 19: YouTube Import › happy path: URL → extract → review → register → complete
[988/1215] [mobile-ios-small] › tests/e2e/slice-17c-settings.spec.ts:506:7 › SETTINGS screen › logout failure keeps dialog open and shows error
[WebServer] (node:24093) Warning: The 'NO_COLOR' env is ignored due to the 'FORCE_COLOR' env being set.
[WebServer] (Use `node --trace-warnings ...` to show where the warning was created)

[989/1215] [mobile-ios-small] › tests/e2e/slice-18-manual-recipe-create.spec.ts:447:7 › Slice 18: Manual Recipe Create › context preservation: query params passed through from menu-add
[990/1215] [mobile-ios-small] › tests/e2e/slice-17a-mypage.spec.ts:669:7 › MYPAGE screen › returns directly from shopping detail to the shopping history context
[991/1215] [mobile-ios-small] › tests/e2e/slice-17b-recipebook-detail.spec.ts:464:7 › RECIPEBOOK_DETAIL screen › restores optimistic UI and shows error when remove fails
[992/1215] [mobile-ios-small] › tests/e2e/slice-17c-settings.spec.ts:526:7 › SETTINGS screen › delete confirm triggers API and navigates home
[993/1215] [mobile-ios-small] › tests/e2e/slice-18-manual-recipe-create.spec.ts:470:7 › Slice 18: Manual Recipe Create › meal add flow: creates meal with correct context and navigates
[WebServer] (node:24122) Warning: The 'NO_COLOR' env is ignored due to the 'FORCE_COLOR' env being set.
[WebServer] (Use `node --trace-warnings ...` to show where the warning was created)

[994/1215] [mobile-ios-small] › tests/e2e/slice-17b-recipebook-detail.spec.ts:528:7 › RECIPEBOOK_DETAIL screen › shows empty state after removing all items
[WebServer] (node:24163) Warning: The 'NO_COLOR' env is ignored due to the 'FORCE_COLOR' env being set.
[WebServer] (Use `node --trace-warnings ...` to show where the warning was created)

[995/1215] [mobile-ios-small] › tests/e2e/slice-19-youtube-import.spec.ts:374:7 › Slice 19: YouTube Import › oEmbed preview waits for explicit extraction before spending YouTube quota
[996/1215] [mobile-ios-small] › tests/e2e/slice-17b-recipebook-detail.spec.ts:545:7 › RECIPEBOOK_DETAIL screen › shows empty state when book has no items
[WebServer] (node:24180) Warning: The 'NO_COLOR' env is ignored due to the 'FORCE_COLOR' env being set.
[WebServer] (Use `node --trace-warnings ...` to show where the warning was created)

[997/1215] [mobile-ios-small] › tests/e2e/slice-17c-settings.spec.ts:555:7 › SETTINGS screen › delete failure keeps dialog open and shows error
[WebServer] (node:24183) Warning: The 'NO_COLOR' env is ignored due to the 'FORCE_COLOR' env being set.
[WebServer] (Use `node --trace-warnings ...` to show where the warning was created)

[WebServer] (node:24185) Warning: The 'NO_COLOR' env is ignored due to the 'FORCE_COLOR' env being set.
[WebServer] (Use `node --trace-warnings ...` to show where the warning was created)

[998/1215] [mobile-ios-small] › tests/e2e/slice-18-manual-recipe-create.spec.ts:569:7 › Slice 18: Manual Recipe Create › meal add flow: shows error when planner context is missing
[999/1215] [mobile-ios-small] › tests/e2e/slice-17b-recipebook-detail.spec.ts:555:7 › RECIPEBOOK_DETAIL screen › recipe card shows reader actions
[1000/1215] [mobile-ios-small] › tests/e2e/slice-17a-mypage.spec.ts:704:7 › MYPAGE screen › shows empty shopping history state with planner link
[1001/1215] [mobile-ios-small] › tests/e2e/slice-17c-settings.spec.ts:572:7 › SETTINGS screen › delete confirm dialog can be cancelled
[WebServer] (node:24328) Warning: The 'NO_COLOR' env is ignored due to the 'FORCE_COLOR' env being set.
[WebServer] (Use `node --trace-warnings ...` to show where the warning was created)

[1002/1215] [mobile-ios-small] › tests/e2e/slice-18-manual-recipe-create.spec.ts:639:7 › Slice 18: Manual Recipe Create › my_added virtual book: created manual recipe appears in my_added recipebook
[1003/1215] [mobile-ios-small] › tests/e2e/slice-19-youtube-import.spec.ts:400:7 › Slice 19: YouTube Import › non-recipe gate: blocks extraction and asks for another URL
[1004/1215] [mobile-ios-small] › tests/e2e/slice-17b-recipebook-detail.spec.ts:571:7 › RECIPEBOOK_DETAIL screen › back button links to mypage
[1005/1215] [mobile-ios-small] › tests/e2e/slice-17c-settings.spec.ts:586:7 › SETTINGS screen › delete succeeds but logout cleanup fails shows error and stays
[WebServer] (node:24351) Warning: The 'NO_COLOR' env is ignored due to the 'FORCE_COLOR' env being set.
[WebServer] (Use `node --trace-warnings ...` to show where the warning was created)

[1006/1215] [mobile-ios-small] › tests/e2e/slice-17b-recipebook-detail.spec.ts:588:7 › RECIPEBOOK_DETAIL screen › shows login gate for unauthenticated users
[1007/1215] [mobile-ios-small] › tests/e2e/slice-19-youtube-import.spec.ts:438:7 › Slice 19: YouTube Import › non-recipe warning: re-enter goes back to URL input
[1008/1215] [mobile-ios-small] › tests/e2e/slice-17a-mypage.spec.ts:722:7 › MYPAGE screen › creates a new custom recipe book
[WebServer] (node:24369) Warning: The 'NO_COLOR' env is ignored due to the 'FORCE_COLOR' env being set.
[WebServer] (Use `node --trace-warnings ...` to show where the warning was created)

[1009/1215] [mobile-ios-small] › tests/e2e/slice-18-manual-recipe-create.spec.ts:724:7 › Slice 18: Manual Recipe Create › ingredient modal defaults to g and has no type selector
[1010/1215] [mobile-ios-small] › tests/e2e/slice-17c-settings.spec.ts:604:7 › SETTINGS screen › back button navigates to /mypage
[1011/1215] [mobile-ios-small] › tests/e2e/slice-22-youtube-ingredient-registration.spec.ts:10:7 › Slice 22: YouTube ingredient registration › unresolved ingredient can be user-registered and then saved @smoke-core
[1012/1215] [mobile-ios-small] › tests/e2e/slice-19-youtube-import.spec.ts:457:7 › Slice 19: YouTube Import › uncertain classification: continues extraction with careful-review warning
[1013/1215] [mobile-ios-small] › tests/e2e/slice-18-manual-recipe-create.spec.ts:751:7 › Slice 18: Manual Recipe Create › ingredient modal shows all ingredients before search and filters by category
[1014/1215] [mobile-ios-small] › tests/e2e/slice-25-youtube-bulk-ingredient-registration.spec.ts:12:7 › Slice 25: YouTube bulk ingredient registration › bulk CTA visible with 5 eligible rows, sheet opens and bulk registers all @smoke-core
[1015/1215] [mobile-ios-small] › tests/e2e/slice-17a-mypage.spec.ts:736:7 › MYPAGE screen › renames a custom recipe book via context menu
[1016/1215] [mobile-ios-small] › tests/e2e/slice-17c-settings.spec.ts:631:7 › SETTINGS screen › MYPAGE environment settings opens in the right surface
[1017/1215] [mobile-ios-small] › tests/e2e/slice-18-manual-recipe-create.spec.ts:808:7 › Slice 18: Manual Recipe Create › ingredient unit can switch between g and ml
[1018/1215] [mobile-ios-small] › tests/e2e/slice-25-youtube-bulk-ingredient-registration.spec.ts:100:7 › Slice 25: YouTube bulk ingredient registration › existing single-row registration flow still works (regression) @smoke-core
[1019/1215] [mobile-ios-small] › tests/e2e/slice-19-youtube-import.spec.ts:477:7 › Slice 19: YouTube Import › URL validation error: shows error message
[1020/1215] [mobile-ios-small] › tests/e2e/slice-18-manual-recipe-create.spec.ts:834:7 › Slice 18: Manual Recipe Create › ingredient selection keeps the list visible before adding
[1021/1215] [mobile-ios-small] › tests/e2e/slice-25-youtube-bulk-ingredient-registration.spec.ts:129:7 › Slice 25: YouTube bulk ingredient registration › bulk CTA NOT visible when fewer than 2 eligible rows
[1022/1215] [mobile-ios-small] › tests/e2e/slice-19-youtube-import.spec.ts:489:7 › Slice 19: YouTube Import › enqueue error keeps the URL available for retry
[1023/1215] [mobile-ios-small] › tests/e2e/slice-17a-mypage.spec.ts:754:7 › MYPAGE screen › deletes a custom recipe book via context menu
[1024/1215] [mobile-ios-small] › tests/e2e/slice-18-manual-recipe-create.spec.ts:858:7 › Slice 18: Manual Recipe Create › ingredient modal shows selected chips before adding to the main form
[1025/1215] [mobile-ios-small] › tests/e2e/slice-17c-settings.spec.ts:667:7 › SETTINGS planner column management › shows column list with default 3 columns
[1026/1215] [mobile-ios-small] › tests/e2e/slice-27-youtube-import-quality.spec.ts:213:7 › Slice 27: YouTube Import Quality Uplift › all-resolved ingredients register without correction (quality uplift)
[1027/1215] [mobile-ios-small] › tests/e2e/slice-19-youtube-import.spec.ts:508:7 › Slice 19: YouTube Import › register error: shows error modal with retry
[1028/1215] [mobile-ios-small] › tests/e2e/slice-18-manual-recipe-create.spec.ts:878:7 › Slice 18: Manual Recipe Create › mobile unit options are large tappable chips
[1029/1215] [mobile-ios-small] › tests/e2e/slice-17c-settings.spec.ts:683:7 › SETTINGS planner column management › adds a new column
[1030/1215] [mobile-ios-small] › tests/e2e/slice-17a-mypage.spec.ts:775:7 › MYPAGE screen › profile fallback shows initial when no image
[1031/1215] [mobile-ios-small] › tests/e2e/slice-27-youtube-import-quality.spec.ts:236:7 › Slice 27: YouTube Import Quality Uplift › conflict 409: shows session conflict message during register
[1032/1215] [mobile-ios-small] › tests/e2e/slice-18-manual-recipe-create.spec.ts:906:7 › Slice 18: Manual Recipe Create › ingredient modal can add multiple ingredients before closing
[1033/1215] [mobile-ios-small] › tests/e2e/slice-17c-settings.spec.ts:712:7 › SETTINGS planner column management › renames a column
[1034/1215] [mobile-ios-small] › tests/e2e/slice-18-manual-recipe-create.spec.ts:933:7 › Slice 18: Manual Recipe Create › ingredient modal stays usable while category results load
[1035/1215] [mobile-ios-small] › tests/e2e/slice-17c-settings.spec.ts:732:7 › SETTINGS planner column management › deletes an empty column
[1036/1215] [mobile-ios-small] › tests/e2e/slice-19-youtube-import.spec.ts:532:7 › Slice 19: YouTube Import › session error: shows backend session message during register
[1037/1215] [mobile-ios-small] › tests/e2e/slice-17a-mypage.spec.ts:785:7 › MYPAGE screen › tab bar has correct ARIA roles
[1038/1215] [mobile-ios-small] › tests/e2e/slice-27-youtube-import-quality.spec.ts:273:7 › Slice 27: YouTube Import Quality Uplift › session expired 410: shows expiration message during register
[1039/1215] [mobile-ios-small] › tests/e2e/slice-17c-settings.spec.ts:756:7 › SETTINGS planner column management › moves a column order and saves the new sort order
[1040/1215] [mobile-ios-small] › tests/e2e/slice-18-manual-recipe-create.spec.ts:981:7 › Slice 18: Manual Recipe Create › ingredient modal closes when clicking the backdrop
[1041/1215] [mobile-ios-small] › tests/e2e/slice-17c-settings.spec.ts:771:7 › SETTINGS planner column management › shows add limit message when 5 columns exist
[1042/1215] [mobile-ios-small] › tests/e2e/slice-18-manual-recipe-create.spec.ts:999:7 › Slice 18: Manual Recipe Create › step modal closes when clicking the backdrop
[1043/1215] [mobile-ios-small] › tests/e2e/slice-17a-mypage.spec.ts:801:7 › MYPAGE screen › no content overlaps bottom nav at scrollY=0
[1044/1215] [mobile-ios-small] › tests/e2e/slice-19-youtube-import.spec.ts:554:7 › Slice 19: YouTube Import › review back confirm: leave exits youtube import
[1045/1215] [mobile-ios-small] › tests/e2e/slice-17c-settings.spec.ts:796:7 › SETTINGS planner column management › disables delete button when only 1 column exists
[1046/1215] [mobile-ios-small] › tests/e2e/slice-27-youtube-import-quality.spec.ts:309:7 › Slice 27: YouTube Import Quality Uplift › full flow: URL → extract → review → register with quality-uplifted extraction
[1047/1215] [mobile-ios-small] › tests/e2e/slice-27b-youtube-source-fallback.spec.ts:238:7 › Slice 27b: YouTube Source Fallback › partial draft no-provider flow: shows guidance, user adds step, register succeeds
[1048/1215] [mobile-ios-small] › tests/e2e/slice-17c-settings.spec.ts:809:7 › SETTINGS planner column management › shows error when column add returns COLUMN_LIMIT_REACHED
[1049/1215] [mobile-ios-small] › tests/e2e/slice-29-youtube-author-comment-fallback.spec.ts:255:7 › Slice 29: YouTube Author Comment Fallback › author-comment fallback flow: URL → extract → review → register → complete
[1050/1215] [mobile-ios-small] › tests/e2e/slice-17c-settings.spec.ts:825:7 › SETTINGS planner column management › shows error when column add returns COLUMN_NAME_DUPLICATE
[1051/1215] [mobile-ios-small] › tests/e2e/slice-27-youtube-import-quality.spec.ts:348:7 › Slice 27: YouTube Import Quality Uplift › guest redirect preserves return-to-action for youtube import
[1052/1215] [mobile-ios-small] › tests/e2e/slice-27b-youtube-source-fallback.spec.ts:286:7 › Slice 27b: YouTube Source Fallback › caption flow: shows Korean caption label and no false warning when steps present
[1053/1215] [mobile-ios-small] › tests/e2e/slice-17c-settings.spec.ts:841:7 › SETTINGS planner column management › shows error when column delete returns COLUMN_HAS_MEALS
[1054/1215] [mobile-ios-small] › tests/e2e/slice-29-youtube-author-comment-fallback.spec.ts:274:7 › Slice 29: YouTube Author Comment Fallback › loading state remains visible while author-comment fallback extraction waits
[1055/1215] [mobile-ios-small] › tests/e2e/slice-31-recipe-media-tags.spec.ts:350:7 › Slice 31: Recipe media and tags evidence › captures mobile and narrow evidence for recipe media/tag surfaces
[1056/1215] [mobile-ios-small] › tests/e2e/slice-31-recipe-media-tags.spec.ts:462:7 › Slice 31: Recipe media and tags evidence › recipe-visibility-read-hardening managed manual upload keeps object identity through create
[1057/1215] [mobile-ios-small] › tests/e2e/slice-17c-settings.spec.ts:861:7 › SETTINGS planner column management › shows error when column rename returns COLUMN_NAME_DUPLICATE
[1058/1215] [mobile-ios-small] › tests/e2e/slice-32-youtube-visual-quantity-enrichment.spec.ts:232:7 › Slice 32: YouTube visual quantity enrichment › review screen shows quantity provenance and registers confirmed suggestions
[1059/1215] [mobile-ios-small] › tests/e2e/slice-33-youtube-i031-direct-extraction.spec.ts:104:7 › Workpack 33: YouTube i031 direct extraction closeout › blocks duplicate background submission while URL validation is pending
[1060/1215] [mobile-ios-small] › tests/e2e/slice-17c-settings.spec.ts:880:7 › SETTINGS planner column management › shows column loading skeleton
[1061/1215] [mobile-ios-small] › tests/e2e/slice-19-youtube-import.spec.ts:576:7 › Slice 19: YouTube Import › complete close: exits youtube import
[1062/1215] [mobile-ios-small] › tests/e2e/slice-29-youtube-author-comment-fallback.spec.ts:293:7 › Slice 29: YouTube Author Comment Fallback › register conflict uses the existing error modal
[1063/1215] [mobile-ios-small] › tests/e2e/slice-17c-settings.spec.ts:902:7 › SETTINGS planner column management › shows column load error with retry
[1064/1215] [mobile-ios-small] › tests/e2e/slice-32-youtube-visual-quantity-enrichment.spec.ts:275:7 › Slice 32: YouTube visual quantity enrichment › review screen sends edited and cleared quantity decisions
[1065/1215] [mobile-ios-small] › tests/e2e/slice-33-youtube-i031-direct-extraction.spec.ts:152:7 › Workpack 33: YouTube i031 direct extraction closeout › keeps queue failures inline and retries through background enqueue
[1066/1215] [mobile-ios-small] › tests/e2e/slice-17c-settings.spec.ts:912:7 › SETTINGS planner column management › column management is hidden for unauthenticated users
[1067/1215] [mobile-ios-small] › tests/e2e/slice-33-youtube-i031-direct-extraction.spec.ts:205:7 › Workpack 33: YouTube i031 direct extraction closeout › restores the completed i031 review without viewport overflow
[1068/1215] [mobile-ios-small] › tests/e2e/slice-33c-gamification.spec.ts:497:7 › 33c gamification frontend @smoke-core › renders MYPAGE badges, quests, guide, soft-fail, and XP toast evidence
[1069/1215] [mobile-ios-small] › tests/e2e/slice-33c-gamification.spec.ts:559:7 › 33c gamification frontend @smoke-core › covers loading, empty, and unauthorized state boundaries
[1070/1215] [mobile-ios-small] › tests/e2e/slice-34c-growth-notification.spec.ts:466:7 › 34c growth notification UI @smoke-core › keeps server order, visible max, and seen boundaries
[1071/1215] [mobile-ios-small] › tests/e2e/slice-29-youtube-author-comment-fallback.spec.ts:312:7 › Slice 29: YouTube Author Comment Fallback › description-ready flow: does not show author-comment source when unused
[1072/1215] [mobile-ios-small] › tests/e2e/slice-34d-mypage-growth-profile.spec.ts:293:7 › 34d MYPAGE growth profile assets @smoke-core › captures profile integration, badge shapes, locked hints, and soft-fail evidence
[1073/1215] [mobile-ios-small] › tests/e2e/slice-34c-growth-notification.spec.ts:508:7 › 34c growth notification UI @smoke-core › opens the notification archive from the profile while excluding silent rows
[1074/1215] [mobile-ios-small] › tests/e2e/slice-34c-growth-notification.spec.ts:526:7 › 34c growth notification UI @smoke-core › renders exact shopping multi-meal guidance copy
[1075/1215] [mobile-ios-small] › tests/e2e/slice-19-youtube-import.spec.ts:597:7 › Slice 19: YouTube Import › guest: redirects to login with return-to-action
[1076/1215] [mobile-ios-small] › tests/e2e/slice-34e-growth-profile-visual-polish.spec.ts:321:7 › 34e growth profile visual polish @smoke-core › captures integrated header, notification archive entry, grade marks, and soft-fail evidence
[1077/1215] [mobile-ios-small] › tests/e2e/slice-32-youtube-visual-quantity-enrichment.spec.ts:319:7 › Slice 32: YouTube visual quantity enrichment › background import defers quantity review without auto-registering
[1078/1215] [mobile-ios-small] › tests/e2e/slice-34c-growth-notification.spec.ts:539:7 › 34c growth notification UI @smoke-core › captures design authority evidence
[1079/1215] [mobile-ios-small] › tests/e2e/slice-35c-mypage-achievement-album.spec.ts:402:7 › 35c MYPAGE achievement album UI @smoke-core › opens grade, achievement, and notification panels from the integrated profile
[1080/1215] [mobile-ios-small] › tests/e2e/slice-36e-recipe-tags-frontend.spec.ts:102:5 › HOME tag chip uses the Korean exact tag key
[1081/1215] [mobile-ios-small] › tests/e2e/slice-19-youtube-import.spec.ts:608:7 › Slice 19: YouTube Import › guest with query params: preserves plan context in return URL
[1082/1215] [mobile-ios-small] › tests/e2e/slice-36e-recipe-tags-frontend.spec.ts:117:5 › HOME tag-backed theme uses the Korean exact tag key
[1083/1215] [mobile-ios-small] › tests/e2e/slice-19-youtube-import.spec.ts:628:7 › Slice 19: YouTube Import › meal add flow: complete → add to meal → navigate to planner
[1084/1215] [mobile-ios-small] › tests/e2e/slice-account-session-generation-foundation.spec.ts:209:7 › account-session-generation-foundation quarantine › blocks normal MYPAGE content and preserves the return target
[1085/1215] [mobile-ios-small] › tests/e2e/slice-auth-provider-memory-linking.spec.ts:18:5 › recent provider dialog cancels without OAuth and restores focus
[1086/1215] [mobile-ios-small] › tests/e2e/slice-auth-provider-memory-linking.spec.ts:46:5 › captures deterministic recent-provider, safe-error, and linked-provider evidence
[1087/1215] [mobile-ios-small] › tests/e2e/slice-account-session-generation-foundation.spec.ts:225:7 › account-session-generation-foundation quarantine › keeps legacy and direct non-quarantine visits unexposed
[1088/1215] [mobile-ios-small] › tests/e2e/slice-19-youtube-import.spec.ts:706:7 › Slice 19: YouTube Import › review: can add and remove ingredients
[WebServer] (node:25547) Warning: The 'NO_COLOR' env is ignored due to the 'FORCE_COLOR' env being set.
[WebServer] (Use `node --trace-warnings ...` to show where the warning was created)

[1089/1215] [mobile-ios-small] › tests/e2e/slice-auth-provider-memory-linking.spec.ts:80:5 › shows link outcomes and clears provider memory only after account deletion succeeds
[1090/1215] [mobile-ios-small] › tests/e2e/slice-account-session-generation-foundation.spec.ts:239:7 › account-session-generation-foundation quarantine › shows support-only auth-absent without mutation controls
[1091/1215] [mobile-ios-small] › tests/e2e/slice-community-prepared-food-catalog.spec.ts:635:7 › community prepared food catalog Stage 4 › prepared-food-standard-basis-ux shows source filter and badges, keeps 100g/100mL defaults, and avoids legacy inference @smoke-core
[1092/1215] [mobile-ios-small] › tests/e2e/slice-community-prepared-food-catalog.spec.ts:678:7 › community prepared food catalog Stage 4 › shows public create notice, default 100g, syncs manual filter+query after create, and owner edit lock feedback
[1093/1215] [mobile-ios-small] › tests/e2e/slice-community-prepared-food-catalog.spec.ts:704:7 › community prepared food catalog Stage 4 › retries owner delete in the same confirm dialog
[1094/1215] [mobile-ios-small] › tests/e2e/slice-community-prepared-food-catalog.spec.ts:717:7 › community prepared food catalog Stage 4 › shows report only for eligible shared manual products and retries with the same reason/detail
[1095/1215] [mobile-ios-small] › tests/e2e/slice-community-prepared-food-catalog.spec.ts:745:7 › community prepared food catalog Stage 4 › PATCH 401 keeps edit return context with product id/action and restores the same edit draft after login
[1096/1215] [mobile-ios-small] › tests/e2e/slice-account-session-generation-foundation.spec.ts:254:7 › account-session-generation-foundation quarantine › keeps replay, maintenance, cleanup, and stale-session states fail-closed
[1097/1215] [mobile-ios-small] › tests/e2e/slice-community-prepared-food-catalog.spec.ts:786:7 › community prepared food catalog Stage 4 › maps duplicate and not-allowed report errors to official copy
[1098/1215] [mobile-ios-small] › tests/e2e/slice-cooked-batch-weight-ledger.spec.ts:269:7 › cooked-batch-weight-ledger › preserves exact identity and input on conflict, reuses the key, and consumes replay once
[1099/1215] [mobile-ios-small] › tests/e2e/slice-community-prepared-food-catalog.spec.ts:802:7 › community prepared food catalog Stage 4 › shows account deletion preservation copy in settings
[1100/1215] [mobile-ios-small] › tests/e2e/slice-19-youtube-import.spec.ts:738:7 › Slice 19: YouTube Import › review: can remove steps and numbers renumber
[1101/1215] [mobile-ios-small] › tests/e2e/slice-community-prepared-food-catalog.spec.ts:818:7 › community prepared food catalog Stage 4 › delete/report dialogs keep focus inside, expose aria labels, close on Escape, and return focus to the trigger
[1102/1215] [mobile-ios-small] › tests/e2e/slice-community-prepared-food-catalog.spec.ts:855:7 › community prepared food catalog Stage 4 › keeps 320/390/1280 surfaces overflow-safe and 44px targets, and captures new community evidence
[1103/1215] [mobile-ios-small] › tests/e2e/slice-cooked-batch-weight-ui-evidence.spec.ts:250:5 › cooked-batch-weight-ui › captures the pre-Stage-4 COOK_MODE and LEFTOVERS state
[1104/1215] [mobile-ios-small] › tests/e2e/slice-cooked-batch-weight-ui-evidence.spec.ts:274:5 › cooked-batch-weight-ui › captures and verifies the Stage-4 viewport, state, and accessibility matrix
[1105/1215] [mobile-ios-small] › tests/e2e/slice-marketing-demand-validation.spec.ts:135:7 › marketing demand validation v2 /beta › Hero variants enter the same exact q1..q4 flow @smoke-core
[WebServer] (node:25646) Warning: The 'NO_COLOR' env is ignored due to the 'FORCE_COLOR' env being set.
[WebServer] (Use `node --trace-warnings ...` to show where the warning was created)

[1106/1215] [mobile-ios-small] › tests/e2e/slice-cooked-batch-weight-ledger.spec.ts:322:7 › cooked-batch-weight-ledger › keeps an empty candidate list explicit and locks every path while pending
[1107/1215] [mobile-ios-small] › tests/e2e/slice-marketing-returning-session.spec.ts:9:5 › a completed visitor can reload and replay the entire funnel without reverse requests
[WebServer] (node:25775) Warning: The 'NO_COLOR' env is ignored due to the 'FORCE_COLOR' env being set.
[WebServer] (Use `node --trace-warnings ...` to show where the warning was created)

[1108/1215] [mobile-ios-small] › tests/e2e/slice-cooked-batch-weight-ledger.spec.ts:358:7 › cooked-batch-weight-ledger › keeps known-weight and weigh-later active CTA states above WCAG AA contrast
[WebServer] (node:25788) Warning: The 'NO_COLOR' env is ignored due to the 'FORCE_COLOR' env being set.
[WebServer] (Use `node --trace-warnings ...` to show where the warning was created)

[1109/1215] [mobile-ios-small] › tests/e2e/slice-19-youtube-import.spec.ts:761:7 › Slice 19: YouTube Import › fetch button disabled when URL is empty
[1110/1215] [mobile-ios-small] › tests/e2e/slice-cooked-batch-weight-ledger.spec.ts:395:7 › cooked-batch-weight-ledger › keeps both footer CTA labels at 16px without clipping at 390px and 320px
[1111/1215] [mobile-ios-small] › tests/e2e/slice-19-youtube-import.spec.ts:774:7 › Slice 19: YouTube Import › register button disabled without required fields
[WebServer] (node:25818) Warning: The 'NO_COLOR' env is ignored due to the 'FORCE_COLOR' env being set.
[WebServer] (Use `node --trace-warnings ...` to show where the warning was created)

[1112/1215] [mobile-ios-small] › tests/e2e/slice-cooked-batch-weight-ledger.spec.ts:470:7 › cooked-batch-weight-ledger › keeps a real 422 recovery state focused, linked, preserved, and above WCAG AA contrast
[1113/1215] [mobile-ios-small] › tests/e2e/slice-marketing-returning-session.spec.ts:36:5 › result back navigation returns to Q4 and can replay the result
[WebServer] (node:25846) Warning: The 'NO_COLOR' env is ignored due to the 'FORCE_COLOR' env being set.
[WebServer] (Use `node --trace-warnings ...` to show where the warning was created)

[1114/1215] [mobile-ios-small] › tests/e2e/slice-19-youtube-import.spec.ts:808:7 › Slice 19: YouTube Import › review: blocks save until needs-review and unresolved ingredients are resolved
[1115/1215] [mobile-ios-small] › tests/e2e/slice-marketing-demand-validation.spec.ts:145:7 › marketing demand validation v2 /beta › result, five experiences, planners, product, beta and done remain in order
[1116/1215] [mobile-ios-small] › tests/e2e/slice-marketing-returning-session.spec.ts:45:5 › a transient start failure recovers through the restart control
[1117/1215] [mobile-ios-small] › tests/e2e/slice-cooked-batch-weight-ledger.spec.ts:494:7 › cooked-batch-weight-ledger › captures desktop, 390px, and 320px evidence with focus, target, overflow, and WCAG checks
[1118/1215] [mobile-ios-small] › tests/e2e/slice-meal-log-ui.spec.ts:162:7 › meal-log-ui Stage 4 › meal-log-ui date rail uses a single-selection keyboard radiogroup
[1119/1215] [mobile-ios-small] › tests/e2e/slice-meal-log-ui.spec.ts:238:7 › meal-log-ui Stage 4 › meal-log-ui edit and delete dialogs preserve focus across every exit
[1120/1215] [mobile-ios-small] › tests/e2e/slice-meal-log-ui.spec.ts:312:7 › meal-log-ui Stage 4 › meal-log-ui captures the contracted viewport and state matrix
[1121/1215] [mobile-ios-small] › tests/e2e/slice-personal-recipe-customization-write-core.spec.ts:429:7 › personal-recipe-customization-write-core › keeps same recipe id on owner save and reloads the updated detail destination
[1122/1215] [mobile-ios-small] › tests/e2e/slice-account-session-generation-foundation.spec.ts:277:7 › account-session-generation-foundation quarantine › activates once with exact body and returns to the original MYPAGE
[1123/1215] [mobile-ios-small] › tests/e2e/slice-personal-recipe-customization-write-core.spec.ts:529:7 › personal-recipe-customization-write-core › creates a new private recipe from authenticated public fork and keeps the public source unchanged
[1124/1215] [mobile-ios-small] › tests/e2e/slice-personal-recipe-customization-write-core.spec.ts:644:7 › personal-recipe-customization-write-core › keeps same-id owner save and explicit save-as-new as separate destinations
[1125/1215] [mobile-ios-small] › tests/e2e/slice-personal-recipe-customization-write-core.spec.ts:796:7 › personal-recipe-customization-write-core › deletes an owner recipe through confirm dialog with stable retry key and safe error copy
[1126/1215] [mobile-ios-small] › tests/e2e/slice-personal-recipe-customization-write-core.spec.ts:919:9 › personal-recipe-customization-write-core › reopens delete confirmation after simulated login return for 401 unauthorized without duplicate deletion
[1127/1215] [mobile-ios-small] › tests/e2e/slice-personal-recipe-customization-write-core.spec.ts:919:9 › personal-recipe-customization-write-core › reopens delete confirmation after simulated login return for 409 stale session without duplicate deletion
[1128/1215] [mobile-ios-small] › tests/e2e/slice-marketing-demand-validation.spec.ts:162:7 › marketing demand validation v2 /beta › reduced motion presents final demo and planner values without count-up transitions
[1129/1215] [mobile-ios-small] › tests/e2e/slice-personal-recipe-customization-write-core.spec.ts:983:7 › personal-recipe-customization-write-core › hides a soft-deleted recipe from new detail access while pinned readers stay readable
[1130/1215] [mobile-ios-small] › tests/e2e/slice-personal-recipe-customization-write-core.spec.ts:1036:7 › personal-recipe-customization-write-core › keeps shopping and meal-log readers readable while new shopping preview omits the deleted recipe
[1131/1215] [mobile-ios-small] › tests/e2e/slice-personal-recipe-customization-write-core.spec.ts:1080:7 › personal-recipe-customization-write-core › keeps capability-off detail write controls absent while snapshot-v2 read drain stays available
[1132/1215] [mobile-ios-small] › tests/e2e/slice-personal-recipe-editor-decoupling.spec.ts:226:7 › personal-recipe-editor-decoupling local fixtures › personal-recipe-editor-decoupling keeps RECIPE_DETAIL capability-off without disturbing primary actions
[1133/1215] [mobile-ios-small] › tests/e2e/slice-marketing-returning-session.spec.ts:61:7 › Q3 pass reaches 집밥 패스형
[1134/1215] [mobile-ios-small] › tests/e2e/slice-19-youtube-import.spec.ts:906:7 › Slice 19: YouTube Import › review: blocks save until incomplete step fields are edited
[WebServer] (node:26029) Warning: The 'NO_COLOR' env is ignored due to the 'FORCE_COLOR' env being set.
[WebServer] (Use `node --trace-warnings ...` to show where the warning was created)

[1135/1215] [mobile-ios-small] › tests/e2e/slice-marketing-demand-validation.spec.ts:191:7 › marketing demand validation v2 /beta › known result is read-only and canonical share strips all other query data
[1136/1215] [mobile-ios-small] › tests/e2e/slice-personal-recipe-editor-decoupling.spec.ts:255:7 › personal-recipe-editor-decoupling local fixtures › personal-recipe-editor-decoupling keeps planner-add shared controls touch-safe and guards dirty in-app back
[1137/1215] [mobile-ios-small] › tests/e2e/slice-marketing-returning-session.spec.ts:61:7 › Q3 eyeball reaches 눈대중 장인
[1138/1215] [mobile-ios-small] › tests/e2e/slice-marketing-demand-validation.spec.ts:201:7 › marketing demand validation v2 /beta › unknown result recovers to Hero a
[1139/1215] [mobile-ios-small] › tests/e2e/slice-account-session-generation-foundation.spec.ts:326:7 › account-session-generation-foundation quarantine › requires delete confirmation and keeps cleanup_pending incomplete
[1140/1215] [mobile-ios-small] › tests/e2e/slice-19-youtube-import.spec.ts:966:7 › Slice 19: YouTube Import › base_servings null defaults to 1
[1141/1215] [mobile-ios-small] › tests/e2e/slice-personal-recipe-editor-decoupling.spec.ts:338:7 › personal-recipe-editor-decoupling local fixtures › personal-recipe-editor-decoupling cancels a managed owner upload through the mocked server endpoint
[1142/1215] [mobile-ios-small] › tests/e2e/slice-marketing-returning-session.spec.ts:61:7 › Q3 track reaches 성분 추적러
[1143/1215] [mobile-ios-small] › tests/e2e/slice-personal-recipe-editor-decoupling.spec.ts:366:7 › personal-recipe-editor-decoupling local fixtures › personal-recipe-editor-decoupling shows a recoverable managed upload error
[1144/1215] [mobile-ios-small] › tests/e2e/slice-marketing-demand-validation.spec.ts:207:7 › marketing demand validation v2 /beta › 403/409/422/Turnstile/503 stay retryable without hiding prior value
[1145/1215] [mobile-ios-small] › tests/e2e/slice-marketing-returning-session.spec.ts:61:7 › Q3 measure reaches 프로 계량러
[1146/1215] [mobile-ios-small] › tests/e2e/slice-account-session-generation-foundation.spec.ts:360:7 › account-session-generation-foundation quarantine › captures responsive and state authority evidence
[1147/1215] [mobile-ios-small] › tests/e2e/slice-planner-shell.spec.ts:227:7 › planner-shell Stage 4 › planner-shell preserves segment/date history and the weekly plan @smoke-core
[1148/1215] [mobile-ios-small] › tests/e2e/slice-19-youtube-import.spec.ts:1034:7 › Slice 19: YouTube Import › complete without plan context: no meal-add button
[1149/1215] [mobile-ios-small] › tests/e2e/slice-personal-recipe-editor-decoupling.spec.ts:391:7 › personal-recipe-editor-decoupling local fixtures › personal-recipe-editor-decoupling keeps cleanup failure visible and retryable
[1150/1215] [mobile-ios-small] › tests/e2e/slice-prepared-food-planner-entry.spec.ts:456:7 › prepared-food-planner-entry › GET product catalog 401 preserves picker context and returns through login
[1151/1215] [mobile-ios-small] › tests/e2e/slice-personal-recipe-editor-decoupling.spec.ts:435:7 › personal-recipe-editor-decoupling local fixtures › personal-recipe-editor-decoupling leaves MYPAGE and RECIPEBOOK_DETAIL read-only while preserving detail links
[1152/1215] [mobile-ios-small] › tests/e2e/slice-planner-shell.spec.ts:263:7 › planner-shell Stage 4 › legacy-product-compat guest keeps the requested segment/date in the preview @smoke-core
[1153/1215] [mobile-ios-small] › tests/e2e/slice-planner-shell.spec.ts:281:7 › planner-shell Stage 4 › planner-shell reloads the originating week on browser Back without duplicating history @smoke-core
[1154/1215] [mobile-ios-small] › tests/e2e/slice-19-youtube-import.spec.ts:1061:7 › Slice 19: YouTube Import desktop embedded › embedded review keeps the final register action visible @smoke-core
[1155/1215] [mobile-ios-small] › tests/e2e/slice-product-ingredient-link-foundation.spec.ts:191:7 › product-ingredient-link-foundation existing PANTRY consumer › product-ingredient-link-foundation desktop evidence
[1156/1215] [mobile-ios-small] › tests/e2e/slice-prepared-food-planner-entry.spec.ts:479:7 › prepared-food-planner-entry › MENU_ADD에서 완제품을 추가하고 pinned 영양 수량을 수정·삭제한다
[1157/1215] [mobile-ios-small] › tests/e2e/slice-product-ingredient-link-foundation.spec.ts:205:7 › product-ingredient-link-foundation existing PANTRY consumer › product-ingredient-link-foundation 390px evidence
[1158/1215] [mobile-ios-small] › tests/e2e/slice-product-ingredient-link-foundation.spec.ts:219:7 › product-ingredient-link-foundation existing PANTRY consumer › product-ingredient-link-foundation 320px evidence
[1159/1215] [mobile-ios-small] › tests/e2e/slice-recipe-content-snapshot-future-propagation.spec.ts:57:7 › recipe-content-snapshot-future-propagation › captures impact dialog at 390px and 320px
[1160/1215] [mobile-ios-small] › tests/e2e/slice-recipe-content-snapshot-future-propagation.spec.ts:84:7 › recipe-content-snapshot-future-propagation › isolates the owner editor focus and background at 390px and 320px
[1161/1215] [mobile-ios-small] › tests/e2e/slice-recipe-content-snapshot-future-propagation.spec.ts:127:7 › recipe-content-snapshot-future-propagation › keeps stale saves open and moves focus to the exact recheck action
[1162/1215] [mobile-ios-small] › tests/e2e/slice-recipe-nutrition-calculation.spec.ts:35:7 › recipe-nutrition-calculation › canonical QA recipe API returns the missing snapshot soft state without an alias
[WebServer] (node:26303) Warning: The 'NO_COLOR' env is ignored due to the 'FORCE_COLOR' env being set.
[WebServer] (Use `node --trace-warnings ...` to show where the warning was created)

[1163/1215] [mobile-ios-small] › tests/e2e/slice-recipe-content-snapshot-future-propagation.spec.ts:144:7 › recipe-content-snapshot-future-propagation › routes an expired impact preview to login while keeping the edited draft
[1164/1215] [mobile-ios-small] › tests/e2e/slice-recipe-content-snapshot-future-propagation.spec.ts:180:7 › recipe-content-snapshot-future-propagation › captures planner pending before navigation without a shell redesign
[1165/1215] [mobile-ios-small] › tests/e2e/slice-recipe-content-snapshot-future-propagation.spec.ts:204:7 › recipe-content-snapshot-future-propagation › keeps the narrow planner CTA reachable and shows start errors in place
[1166/1215] [mobile-ios-small] › tests/e2e/slice-recipe-content-snapshot-future-propagation.spec.ts:217:7 › recipe-content-snapshot-future-propagation › reads snapshot_v2 through its isolated route
[1167/1215] [mobile-ios-small] › tests/e2e/slice-recipe-content-snapshot-future-propagation.spec.ts:228:7 › recipe-content-snapshot-future-propagation › distinguishes a successful snapshot-v2 dispatch from legacy cook mode
[1168/1215] [mobile-ios-small] › tests/e2e/slice-recipe-content-snapshot-future-propagation.spec.ts:237:7 › recipe-content-snapshot-future-propagation › retries snapshot-v2 read errors without leaving the immutable reader
[1169/1215] [mobile-ios-small] › tests/e2e/slice-recipe-content-snapshot-future-propagation.spec.ts:268:7 › recipe-content-snapshot-future-propagation › offers safe previous and login return actions for unauthorized snapshot reads
[1170/1215] [mobile-ios-small] › tests/e2e/slice-recipe-snapshot-authority-foundation.spec.ts:122:5 › recipe-snapshot-authority-foundation renders server-projected pinned history without snapshot metadata
[1171/1215] [mobile-ios-small] › tests/e2e/slice-recipe-nutrition-calculation.spec.ts:52:7 › recipe-nutrition-calculation › small iOS viewport keeps the nutrition card and primary CTA usable
[WebServer] (node:26352) Warning: The 'NO_COLOR' env is ignored due to the 'FORCE_COLOR' env being set.
[WebServer] (Use `node --trace-warnings ...` to show where the warning was created)

[WebServer] (node:26362) Warning: The 'NO_COLOR' env is ignored due to the 'FORCE_COLOR' env being set.
[WebServer] (Use `node --trace-warnings ...` to show where the warning was created)

[1172/1215] [mobile-ios-small] › tests/e2e/slice-planner-shell.spec.ts:336:7 › planner-shell Stage 4 › planner-shell keeps legacy product plans read/detail/delete-only with focus restore
[WebServer] (node:26369) Warning: The 'NO_COLOR' env is ignored due to the 'FORCE_COLOR' env being set.
[WebServer] (Use `node --trace-warnings ...` to show where the warning was created)

[1173/1215] [mobile-ios-small] › tests/e2e/slice-recipe-nutrition-calculation.spec.ts:70:7 › recipe-nutrition-calculation › cook mode keeps its existing flow without serving controls
[1174/1215] [mobile-ios-small] › tests/e2e/slice-recipe-nutrition-calculation.spec.ts:93:7 › recipe-nutrition-calculation › 390px and 320px show complete selected-serving nutrition without overflow
[1175/1215] [mobile-ios-small] › tests/e2e/slice-recipe-nutrition-calculation.spec.ts:188:7 › recipe-nutrition-calculation › 390px guest returns from login to the pending planner action
[1176/1215] [mobile-ios-small] › tests/e2e/slice-prepared-food-planner-entry.spec.ts:507:7 › prepared-food-planner-entry › DELETE 401 뒤 로그인 복귀에서 삭제 확인을 복원하고 같은 계획만 삭제한다
[1177/1215] [mobile-ios-small] › tests/e2e/slice-recipe-nutrition-calculation.spec.ts:246:7 › recipe-nutrition-calculation › partial nutrition keeps minimum copy and the locked fixed-vector formula
[WebServer] (node:26456) Warning: The 'NO_COLOR' env is ignored due to the 'FORCE_COLOR' env being set.
[WebServer] (Use `node --trace-warnings ...` to show where the warning was created)

[1178/1215] [mobile-ios-small] › tests/e2e/slice-recipe-nutrition-calculation.spec.ts:275:7 › recipe-nutrition-calculation › 320px missing state is read-only, zero-free, and keeps the primary CTA
[1179/1215] [mobile-ios-small] › tests/e2e/slice-recipe-nutrition-calculation.spec.ts:299:7 › recipe-nutrition-calculation › normal unavailable snapshot stays read-only without retry
[1180/1215] [mobile-ios-small] › tests/e2e/slice-recipe-nutrition-calculation.spec.ts:322:7 › recipe-nutrition-calculation › desktop temporary failure retries only nutrition and preserves body and CTA
[1181/1215] [mobile-ios-small] › tests/e2e/slice-wave1-port-discovery-detail.spec.ts:41:7 › wave1 port discovery detail › HOME uses inline SortDropdown instead of bottom sheet
[1182/1215] [mobile-ios-small] › tests/e2e/slice-planner-shell.spec.ts:368:7 › planner-shell Stage 4 › legacy-product-compat traps nested focus and restores it at 390px, 320px, and desktop
[1183/1215] [mobile-ios-small] › tests/e2e/slice-marketing-demand-validation.spec.ts:224:7 › marketing demand validation v2 /beta › only the result screen scrolls while planner CTA floats over a clipped tomorrow preview
[WebServer] (node:26563) Warning: The 'NO_COLOR' env is ignored due to the 'FORCE_COLOR' env being set.
[WebServer] (Use `node --trace-warnings ...` to show where the warning was created)

[1184/1215] [mobile-ios-small] › tests/e2e/slice-wave1-port-discovery-detail.spec.ts:69:7 › wave1 port discovery detail › HOME filter controls match app and desktop layouts
[1185/1215] [mobile-ios-small] › tests/e2e/slice-wave1-port-foundation.spec.ts:10:7 › wave1 port foundation › shared home primitives do not create page-level horizontal overflow
[WebServer] (node:26688) Warning: The 'NO_COLOR' env is ignored due to the 'FORCE_COLOR' env being set.
[WebServer] (Use `node --trace-warnings ...` to show where the warning was created)

[1186/1215] [mobile-ios-small] › tests/e2e/slice-prepared-food-planner-entry.spec.ts:536:7 › prepared-food-planner-entry › DELETE 500 뒤 대화상자와 카드를 유지하고 같은 버튼으로 재시도한다
[1187/1215] [mobile-ios-small] › tests/e2e/slice-wave1-port-discovery-detail.spec.ts:105:7 › wave1 port discovery detail › HOME header does not contain profile or cart icons
[WebServer] (node:26790) Warning: The 'NO_COLOR' env is ignored due to the 'FORCE_COLOR' env being set.
[WebServer] (Use `node --trace-warnings ...` to show where the warning was created)

[1188/1215] [mobile-ios-small] › tests/e2e/slice-prepared-food-planner-entry.spec.ts:555:7 › prepared-food-planner-entry › PATCH 401 gate가 safe edit context와 data-next-path를 보존하고 같은 편집을 복원한다
[1189/1215] [mobile-ios-small] › tests/e2e/slice-wave1-port-discovery-detail.spec.ts:133:7 › wave1 port discovery detail › RECIPE_DETAIL shows hero action metrics and sticky bottom CTA
[1190/1215] [mobile-ios-small] › tests/e2e/slice-planner-shell.spec.ts:412:7 › planner-shell Stage 4 › legacy-product-compat blocks duplicate delete while pending
[WebServer] (node:26909) Warning: The 'NO_COLOR' env is ignored due to the 'FORCE_COLOR' env being set.
[WebServer] (Use `node --trace-warnings ...` to show where the warning was created)

[WebServer] (node:26914) Warning: The 'NO_COLOR' env is ignored due to the 'FORCE_COLOR' env being set.
[WebServer] (Use `node --trace-warnings ...` to show where the warning was created)

[1191/1215] [mobile-ios-small] › tests/e2e/slice-wave1-port-discovery-detail.spec.ts:158:7 › wave1 port discovery detail › RECIPE_DETAIL planner add sheet opens from sticky CTA
[WebServer] (node:26929) Warning: The 'NO_COLOR' env is ignored due to the 'FORCE_COLOR' env being set.
[WebServer] (Use `node --trace-warnings ...` to show where the warning was created)

[1192/1215] [mobile-ios-small] › tests/e2e/slice-planner-shell.spec.ts:436:7 › planner-shell Stage 4 › legacy-product-compat keeps pinned row and detail after delete error
[WebServer] (node:26932) Warning: The 'NO_COLOR' env is ignored due to the 'FORCE_COLOR' env being set.
[WebServer] (Use `node --trace-warnings ...` to show where the warning was created)

[1193/1215] [mobile-ios-small] › tests/e2e/slice-marketing-demand-validation.spec.ts:307:7 › marketing demand validation v2 /beta › mobile demo pages lock document scroll and keep the bottom action stationary
[1194/1215] [mobile-ios-small] › tests/e2e/slice-wave1-port-discovery-detail.spec.ts:192:7 › wave1 port discovery detail › login page shows Kakao, Naver, and Google providers
[WebServer] (node:27060) Warning: The 'NO_COLOR' env is ignored due to the 'FORCE_COLOR' env being set.
[WebServer] (Use `node --trace-warnings ...` to show where the warning was created)

[1195/1215] [mobile-ios-small] › tests/e2e/slice-planner-shell.spec.ts:464:7 › planner-shell Stage 4 › legacy-product-compat preserves planner loading before the read-only row
[WebServer] (node:27090) Warning: The 'NO_COLOR' env is ignored due to the 'FORCE_COLOR' env being set.
[WebServer] (Use `node --trace-warnings ...` to show where the warning was created)

[1196/1215] [mobile-ios-small] › tests/e2e/slice-planner-shell.spec.ts:477:7 › planner-shell Stage 4 › legacy-product-compat preserves the planner empty state
[1197/1215] [mobile-ios-small] › tests/e2e/slice-prepared-food-planner-entry.spec.ts:614:7 › prepared-food-planner-entry › auth-restored product edit header close clears return context and stays closed after reload
[1198/1215] [mobile-ios-small] › tests/e2e/slice-planner-shell.spec.ts:487:7 › planner-shell Stage 4 › legacy-product-compat preserves the planner load error and retry action
[WebServer] (node:27105) Warning: The 'NO_COLOR' env is ignored due to the 'FORCE_COLOR' env being set.
[WebServer] (Use `node --trace-warnings ...` to show where the warning was created)

[WebServer] (node:27123) Warning: The 'NO_COLOR' env is ignored due to the 'FORCE_COLOR' env being set.
[WebServer] (Use `node --trace-warnings ...` to show where the warning was created)

[1199/1215] [mobile-ios-small] › tests/e2e/slice-planner-shell.spec.ts:500:7 › planner-shell Stage 4 › planner-shell keeps 320px targets, 200% text, and bottom actions usable
[WebServer] (node:27141) Warning: The 'NO_COLOR' env is ignored due to the 'FORCE_COLOR' env being set.
[WebServer] (Use `node --trace-warnings ...` to show where the warning was created)

[WebServer] (node:27145) Warning: The 'NO_COLOR' env is ignored due to the 'FORCE_COLOR' env being set.
[WebServer] (Use `node --trace-warnings ...` to show where the warning was created)

[1200/1215] [mobile-ios-small] › tests/e2e/slice-prepared-food-planner-entry.spec.ts:649:7 › prepared-food-planner-entry › product quantity PATCH disables confirmation and ignores repeated in-flight clicks
[WebServer] (node:27158) Warning: The 'NO_COLOR' env is ignored due to the 'FORCE_COLOR' env being set.
[WebServer] (Use `node --trace-warnings ...` to show where the warning was created)

[1201/1215] [mobile-ios-small] › tests/e2e/slice-prepared-food-planner-entry.spec.ts:692:7 › prepared-food-planner-entry › pinned v1 entry는 100mL로 환산된 catalog v2와 무관하게 v1 relation과 영양 snapshot으로 수정된다
[1202/1215] [mobile-ios-small] › tests/e2e/slice-planner-shell.spec.ts:597:7 › planner-shell Stage 4 › planner-shell cold Sunday deep link scrolls the 320px date rail to the selected date
[WebServer] (node:27292) Warning: The 'NO_COLOR' env is ignored due to the 'FORCE_COLOR' env being set.
[WebServer] (Use `node --trace-warnings ...` to show where the warning was created)

[1203/1215] [mobile-ios-small] › tests/e2e/slice-prepared-food-planner-entry.spec.ts:723:7 › prepared-food-planner-entry › prepared-food-standard-basis-ux keeps serving decimal input and switches direct g relation to one-gram steps
[WebServer] (node:27303) Warning: The 'NO_COLOR' env is ignored due to the 'FORCE_COLOR' env being set.
[WebServer] (Use `node --trace-warnings ...` to show where the warning was created)

[1204/1215] [mobile-ios-small] › tests/e2e/slice-prepared-food-planner-entry.spec.ts:742:7 › prepared-food-planner-entry › PATCH basis mismatch는 공식 안내를 보여 주고 수량 편집 단계에 머문다
[WebServer] (node:27326) Warning: The 'NO_COLOR' env is ignored due to the 'FORCE_COLOR' env being set.
[WebServer] (Use `node --trace-warnings ...` to show where the warning was created)

[1205/1215] [mobile-ios-small] › tests/e2e/slice-prepared-food-planner-entry.spec.ts:755:7 › prepared-food-planner-entry › opaque cursor를 이어 붙이고 basis mismatch에서 선택·수량 단계에 머문다
[1206/1215] [mobile-ios-small] › tests/e2e/slice-prepared-food-planner-entry.spec.ts:770:7 › prepared-food-planner-entry › 검색 결과가 없으면 shared manual 완제품을 등록하고 선택된 수량 단계로 돌아온다
[1207/1215] [mobile-ios-small] › tests/e2e/slice-prepared-food-planner-entry.spec.ts:787:7 › prepared-food-planner-entry › prepared-food-search-relevance: 느린 이전 검색은 무시하고 complete zero·partial·unavailable copy를 보존한다
[WebServer] (node:27364) Warning: The 'NO_COLOR' env is ignored due to the 'FORCE_COLOR' env being set.
[WebServer] (Use `node --trace-warnings ...` to show where the warning was created)

[1208/1215] [mobile-ios-small] › tests/e2e/slice-prepared-food-planner-entry.spec.ts:851:7 › prepared-food-planner-entry › picker, create, product card 화면 전체가 semantic axe 검사를 통과한다
[WebServer] (node:27391) Warning: The 'NO_COLOR' env is ignored due to the 'FORCE_COLOR' env being set.
[WebServer] (Use `node --trace-warnings ...` to show where the warning was created)

[1209/1215] [mobile-ios-small] › tests/e2e/slice-prepared-food-planner-entry.spec.ts:865:7 › prepared-food-planner-entry › 390·320·desktop exact viewport에서 slice 화면 전체가 axe 검사를 통과한다
[1210/1215] [mobile-ios-small] › tests/e2e/slice-prepared-food-planner-entry.spec.ts:894:7 › prepared-food-planner-entry › auth round-trip restores a safe manual draft and returns focus after successful create
[1211/1215] [mobile-ios-small] › tests/e2e/slice-prepared-food-planner-entry.spec.ts:915:7 › prepared-food-planner-entry › picker/create keeps scroll, focus, 44px controls, dirty ESC, and sticky actions safe
  7) [mobile-ios-small] › tests/e2e/slice-prepared-food-planner-entry.spec.ts:915:7 › prepared-food-planner-entry › picker/create keeps scroll, focus, 44px controls, dirty ESC, and sticky actions safe

    Error: expect(received).toBeLessThanOrEqual(expected)

    Expected: <= 569
    Received:    572

      970 |     await expect(actions).toHaveCSS("position", "sticky");
      971 |     const actionBox = await actions.boundingBox();
    > 972 |     expect(actionBox!.y + actionBox!.height).toBeLessThanOrEqual(page.viewportSize()!.height + 1);
          |                                              ^
      973 |   });
      974 |
      975 |   test("desktop FOOD_PRODUCT_CREATE의 등록 CTA가 1280×900 첫 화면 안에 보인다", async ({ browser }, testInfo) => {
        at /Users/cwj/.codex/worktrees/f2a2/homecook/tests/e2e/slice-prepared-food-planner-entry.spec.ts:972:46

    attachment #1: screenshot (image/png) ──────────────────────────────────────────────────────────
    test-results/slice-prepared-food-planne-d25d3-ESC-and-sticky-actions-safe-mobile-ios-small/test-failed-1.png
    ────────────────────────────────────────────────────────────────────────────────────────────────

    attachment #2: video (video/webm) ──────────────────────────────────────────────────────────────
    test-results/slice-prepared-food-planne-d25d3-ESC-and-sticky-actions-safe-mobile-ios-small/video.webm
    ────────────────────────────────────────────────────────────────────────────────────────────────

    Error Context: test-results/slice-prepared-food-planne-d25d3-ESC-and-sticky-actions-safe-mobile-ios-small/error-context.md


(node:27651) Warning: The 'NO_COLOR' env is ignored due to the 'FORCE_COLOR' env being set.
(Use `node --trace-warnings ...` to show where the warning was created)


(node:27651) Warning: The 'NO_COLOR' env is ignored due to the 'FORCE_COLOR' env being set.
(Use `node --trace-warnings ...` to show where the warning was created)


[1212/1215] [mobile-ios-small] › tests/e2e/slice-prepared-food-planner-entry.spec.ts:975:7 › prepared-food-planner-entry › desktop FOOD_PRODUCT_CREATE의 등록 CTA가 1280×900 첫 화면 안에 보인다
[1213/1215] [mobile-ios-small] › tests/e2e/slice-prepared-food-planner-entry.spec.ts:993:7 › prepared-food-planner-entry › product edit/delete dialogs trap focus, inert background, lock scroll, and return focus
[WebServer] (node:27805) Warning: The 'NO_COLOR' env is ignored due to the 'FORCE_COLOR' env being set.
[WebServer] (Use `node --trace-warnings ...` to show where the warning was created)

[1214/1215] [mobile-ios-small] › tests/e2e/slice-prepared-food-planner-entry.spec.ts:1033:7 › prepared-food-planner-entry › captures same-fixture pre-Stage4 evidence from the explicit base server
[1215/1215] [mobile-ios-small] › tests/e2e/slice-prepared-food-planner-entry.spec.ts:1074:7 › prepared-food-planner-entry › prepared-food-search-relevance: 390·320·desktop Stage 4 evidence와 unauthorized return을 남긴다
  7 failed
    [desktop-chrome] › tests/e2e/slice-07-meal-manage.spec.ts:341:7 › Slice 07 meal manage — MEAL_SCREEN › shopping_done meal starts direct cook mode with a meal-screen return path
    [mobile-chrome] › tests/e2e/slice-19-youtube-import.spec.ts:1034:7 › Slice 19: YouTube Import › complete without plan context: no meal-add button
    [mobile-chrome] › tests/e2e/slice-community-prepared-food-catalog.spec.ts:855:7 › community prepared food catalog Stage 4 › keeps 320/390/1280 surfaces overflow-safe and 44px targets, and captures new community evidence
    [mobile-ios-small] › tests/e2e/slice-16-leftovers.spec.ts:344:7 › LEFTOVERS screen › eat action removes item from list
    [mobile-ios-small] › tests/e2e/slice-16-leftovers.spec.ts:360:7 › LEFTOVERS screen › shows empty state when all leftovers are eaten
    [mobile-ios-small] › tests/e2e/slice-16-leftovers.spec.ts:376:7 › LEFTOVERS screen › planner add opens sheet
    [mobile-ios-small] › tests/e2e/slice-prepared-food-planner-entry.spec.ts:915:7 › prepared-food-planner-entry › picker/create keeps scroll, focus, 44px controls, dirty ESC, and sticky actions safe
  189 skipped
  1019 passed (15.2m)
 ELIFECYCLE  Command failed with exit code 1.
